{
  "seed": 1001,
  "operation": "multiplication",
  "steps": [
    1000,
    2000,
    3000,
    4000,
    5000,
    6000,
    7000,
    8000,
    9000,
    10000,
    11000,
    12000,
    13000,
    14000,
    15000,
    16000,
    17000,
    18000,
    19000,
    20000,
    21000,
    22000,
    23000,
    24000,
    25000,
    26000,
    27000,
    28000,
    29000,
    30000,
    31000,
    32000,
    33000,
    34000,
    35000,
    36000,
    37000,
    38000,
    39000,
    40000,
    41000,
    42000,
    43000,
    44000,
    45000,
    46000,
    47000,
    48000,
    49000,
    50000,
    51000,
    52000,
    53000,
    54000,
    55000,
    56000,
    57000,
    58000,
    59000,
    60000,
    61000,
    62000,
    63000,
    64000,
    65000,
    66000,
    67000,
    68000,
    69000,
    70000,
    71000,
    72000,
    73000,
    74000,
    75000,
    76000,
    77000,
    78000,
    79000,
    80000,
    81000,
    82000,
    83000,
    84000,
    85000,
    86000,
    87000,
    88000,
    89000,
    90000,
    91000,
    92000,
    93000,
    94000,
    95000,
    96000,
    97000,
    98000,
    99000,
    100000,
    101000,
    102000,
    103000,
    104000,
    105000,
    106000,
    107000,
    108000,
    109000,
    110000,
    111000,
    112000,
    113000,
    114000,
    115000,
    116000,
    117000,
    118000,
    119000,
    120000,
    121000,
    122000,
    123000,
    124000,
    125000,
    126000,
    127000,
    128000,
    129000,
    130000,
    131000,
    132000,
    133000,
    134000,
    135000,
    136000,
    137000,
    138000,
    139000,
    140000,
    141000,
    142000,
    143000,
    144000,
    145000,
    146000,
    147000,
    148000,
    149000,
    150000
  ],
  "train_loss": [
    0.06577306985855103,
    0.05691850185394287,
    1.6646212339401245,
    0.06844870746135712,
    0.07804545015096664,
    0.0733896791934967,
    1.1789889335632324,
    0.0815088301897049,
    0.08920464664697647,
    0.08988216519355774,
    0.10797141492366791,
    4.663712024688721,
    0.02562049590051174,
    4.522285461425781,
    0.43695297837257385,
    0.13240128755569458,
    0.14761626720428467,
    1.1461145877838135,
    0.09916109591722488,
    0.05812248960137367,
    0.1253930777311325,
    0.19828389585018158,
    0.05934048444032669,
    3.7496726512908936,
    0.04436340183019638,
    0.05296473950147629,
    0.05605434998869896,
    0.045631293207407,
    0.03787685185670853,
    0.03839581832289696,
    0.03115510568022728,
    0.02622319385409355,
    0.026576580479741096,
    0.027897367253899574,
    0.032674968242645264,
    0.04088122770190239,
    0.042286500334739685,
    0.043080590665340424,
    0.43611693382263184,
    0.19405212998390198,
    0.055296968668699265,
    0.0490921325981617,
    1.4711556434631348,
    0.0455496609210968,
    0.05650509521365166,
    0.04404643177986145,
    0.17848984897136688,
    0.046542756259441376,
    4.553284645080566,
    0.058333393186330795,
    0.04885284602642059,
    0.05025675147771835,
    1.55730402469635,
    1.4070452451705933,
    4.95841121673584,
    0.05459320545196533,
    0.035132311284542084,
    0.0328064002096653,
    0.024697547778487206,
    0.03476160764694214,
    0.0338619202375412,
    0.037148211151361465,
    0.034869059920310974,
    0.03499411419034004,
    0.036420952528715134,
    0.029306862503290176,
    0.031972628086805344,
    0.03930177167057991,
    0.050301648676395416,
    0.05100034549832344,
    0.04820717126131058,
    0.041107386350631714,
    0.03316638991236687,
    0.032791007310152054,
    0.03987836465239525,
    0.04721817746758461,
    0.04543200880289078,
    0.037330929189920425,
    0.16978256404399872,
    0.03921448066830635,
    3.8184306621551514,
    0.07480163127183914,
    0.054253995418548584,
    1.982048511505127,
    0.044361624866724014,
    3.913038969039917,
    4.568978309631348,
    0.05358518287539482,
    4.549345016479492,
    4.632592678070068,
    0.2580362558364868,
    0.0536729097366333,
    0.6979856491088867,
    0.04451201483607292,
    0.11563833057880402,
    0.05358250439167023,
    0.5669893622398376,
    0.1531691998243332,
    0.0403701514005661,
    0.04070650786161423,
    0.06550323963165283,
    0.041105493903160095,
    0.041404929012060165,
    0.033774882555007935,
    0.028172412887215614,
    0.12108442187309265,
    0.03547538071870804,
    0.039040274918079376,
    4.564647674560547,
    0.04930306598544121,
    0.03630320355296135,
    0.02706163376569748,
    0.04550427570939064,
    0.03077000565826893,
    3.29645037651062,
    0.066801056265831,
    0.039301663637161255,
    0.05141737312078476,
    0.04228077083826065,
    4.251116752624512,
    3.6525471210479736,
    4.541083812713623,
    4.389663219451904,
    0.0470503568649292,
    0.18937017023563385,
    2.730461835861206,
    0.03618865832686424,
    0.02384386770427227,
    0.037413693964481354,
    0.03831317275762558,
    3.009685754776001,
    0.7687867879867554,
    1.984480619430542,
    4.605278491973877,
    0.04123726114630699,
    0.0551445335149765,
    0.06448276340961456,
    2.0647127628326416,
    0.047884177416563034,
    0.040881164371967316,
    0.037043556571006775,
    0.2144760936498642,
    0.022943399846553802,
    0.06678295880556107,
    4.566797256469727,
    2.0705645084381104,
    0.26493725180625916,
    0.13739986717700958,
    0.16653041541576385,
    1.5650348663330078
  ],
  "train_acc": [
    1.0,
    1.0,
    0.8350217076700435,
    1.0,
    1.0,
    1.0,
    0.8465991316931982,
    1.0,
    1.0,
    1.0,
    1.0,
    0.020984081041968163,
    1.0,
    0.01808972503617945,
    0.9638205499276411,
    1.0,
    0.9974674384949349,
    0.8010130246020261,
    0.9967438494934877,
    1.0,
    0.992040520984081,
    0.9952966714905933,
    1.0,
    0.12264833574529667,
    1.0,
    1.0,
    1.0,
    1.0,
    1.0,
    1.0,
    1.0,
    1.0,
    1.0,
    1.0,
    1.0,
    1.0,
    1.0,
    1.0,
    0.9363241678726484,
    1.0,
    1.0,
    1.0,
    0.7261215629522432,
    1.0,
    1.0,
    1.0,
    1.0,
    1.0,
    0.014109985528219971,
    1.0,
    1.0,
    1.0,
    0.6472503617945007,
    0.7597684515195369,
    0.030752532561505064,
    1.0,
    1.0,
    1.0,
    1.0,
    1.0,
    1.0,
    1.0,
    1.0,
    1.0,
    1.0,
    1.0,
    1.0,
    1.0,
    1.0,
    1.0,
    1.0,
    1.0,
    1.0,
    1.0,
    1.0,
    1.0,
    1.0,
    1.0,
    1.0,
    1.0,
    0.08936324167872649,
    1.0,
    1.0,
    0.49855282199710566,
    1.0,
    0.12590448625180897,
    0.014109985528219971,
    1.0,
    0.01447178002894356,
    0.010130246020260492,
    1.0,
    1.0,
    0.9486251808972503,
    1.0,
    1.0,
    1.0,
    0.9891461649782923,
    1.0,
    1.0,
    1.0,
    1.0,
    1.0,
    1.0,
    1.0,
    1.0,
    1.0,
    1.0,
    1.0,
    0.011939218523878437,
    1.0,
    1.0,
    1.0,
    1.0,
    1.0,
    0.1577424023154848,
    1.0,
    1.0,
    1.0,
    1.0,
    0.501808972503618,
    0.12916063675832126,
    0.014109985528219971,
    0.03328509406657019,
    1.0,
    1.0,
    0.28075253256150506,
    1.0,
    0.9486251808972503,
    1.0,
    1.0,
    0.14290882778581765,
    0.8364688856729378,
    0.467438494934877,
    0.010130246020260492,
    1.0,
    1.0,
    1.0,
    0.48480463096960924,
    1.0,
    1.0,
    1.0,
    0.998191027496382,
    1.0,
    1.0,
    0.013024602026049204,
    0.3589001447178003,
    0.9963820549927641,
    1.0,
    0.998191027496382,
    0.7329956584659914
  ],