{
  "bottleneck_dim": null,
  "grokking_time_90": 7000,
  "grokking_time_95": 7000,
  "grokking_time_99": 7000,
  "final_train_acc": 1.0,
  "final_test_acc": 1.0,
  "log": {
    "bottleneck_dim": null,
    "steps": [
      500,
      1000,
      1500,
      2000,
      2500,
      3000,
      3500,
      4000,
      4500,
      5000,
      5500,
      6000,
      6500,
      7000,
      7500,
      8000,
      8500,
      9000,
      9500,
      10000,
      10500,
      11000,
      11500,
      12000,
      12500,
      13000,
      13500,
      14000,
      14500,
      15000,
      15500,
      16000,
      16500,
      17000,
      17500,
      18000,
      18500,
      19000,
      19500,
      20000,
      20500,
      21000,
      21500,
      22000,
      22500,
      23000,
      23500,
      24000,
      24500,
      25000,
      25500,
      26000,
      26500,
      27000,
      27500,
      28000,
      28500,
      29000,
      29500,
      30000,
      30500,
      31000,
      31500,
      32000,
      32500,
      33000,
      33500,
      34000,
      34500,
      35000,
      35500,
      36000,
      36500,
      37000,
      37500,
      38000,
      38500,
      39000,
      39500,
      40000,
      40500,
      41000,
      41500,
      42000,
      42500,
      43000,
      43500,
      44000,
      44500,
      45000,
      45500,
      46000,
      46500,
      47000,
      47500,
      48000,
      48500,
      49000,
      49500,
      50000
    ],
    "train_loss": [
      0.06422531604766846,
      2.007357120513916,
      0.05286156386137009,
      1.3745505809783936,
      0.059529487043619156,
      0.20507590472698212,
      0.07188180834054947,
      0.07944636046886444,
      0.0827251449227333,
      0.06350340694189072,
      0.05654165893793106,
      0.05214698985219002,
      0.17567335069179535,
      0.05936264619231224,
      0.05378507077693939,
      4.5312819480896,
      0.08014196157455444,
      0.02671310305595398,
      3.569216012954712,
      0.031567804515361786,
      0.0395856611430645,
      0.04880101978778839,
      0.1263011246919632,
      0.054160650819540024,
      2.6732137203216553,
      0.03714200481772423,
      0.2724039852619171,
      0.04509454965591431,
      0.036533139646053314,
      4.559506416320801,
      0.037439510226249695,
      0.0392640121281147,
      0.03485872596502304,
      0.01805378496646881,
      0.028596840798854828,
      0.04894785210490227,
      4.570914268493652,
      4.41847038269043,
      0.046278830617666245,
      0.038309454917907715,
      0.03188231959939003,
      0.023853428661823273,
      0.028219496831297874,
      0.024766409769654274,
      0.034593213349580765,
      0.024701474234461784,
      0.021559517830610275,
      0.01142803579568863,
      0.023471342399716377,
      0.030619559809565544,
      0.02435961365699768,
      0.016780277714133263,
      0.018705926835536957,
      0.02541816048324108,
      0.025963254272937775,
      0.018073581159114838,
      0.021669968962669373,
      0.024013301357626915,
      0.023867838084697723,
      0.018876004964113235,
      4.554846286773682,
      0.060069579631090164,
      0.5395795106887817,
      0.02626262605190277,
      0.03425236791372299,
      0.03381119668483734,
      0.02426425740122795,
      0.03204289823770523,
      0.024179764091968536,
      0.026365011930465698,
      0.03194291144609451,
      0.029324933886528015,
      0.03511110693216324,
      0.037714485079050064,
      0.03320958465337753,
      0.033863093703985214,
      0.13248562812805176,
      0.025032807141542435,
      0.026900209486484528,
      0.027443619444966316,
      0.02736945077776909,
      0.025769982486963272,
      0.03247600421309471,
      0.021486852318048477,
      0.03160474821925163,
      0.016716016456484795,
      0.028153568506240845,
      0.027111003175377846,
      0.03442469611763954,
      0.03680374473333359,
      0.03384127467870712,
      0.029177697375416756,
      0.14301155507564545,
      2.9403979778289795,
      0.04978847876191139,
      0.03345971927046776,
      0.03088255226612091,
      0.08900897949934006,
      0.025013037025928497,
      0.01919916272163391
    ],
    "train_acc": [
      1.0,
      0.6870477568740955,
      1.0,
      0.804630969609262,
      1.0,
      1.0,
      1.0,
      1.0,
      1.0,
      1.0,
      1.0,
      1.0,
      1.0,
      1.0,
      1.0,
      0.01881331403762663,
      1.0,
      1.0,
      0.08827785817655572,
      1.0,
      1.0,
      1.0,
      1.0,
      1.0,
      0.07272069464544138,
      1.0,
      0.9985528219971056,
      1.0,
      1.0,
      0.012301013024602027,
      1.0,
      1.0,
      1.0,
      1.0,
      1.0,
      1.0,
      0.013748191027496382,
      0.037264833574529664,
      1.0,
      1.0,
      1.0,
      1.0,
      1.0,
      1.0,
      1.0,
      1.0,
      1.0,
      1.0,
      1.0,
      1.0,
      1.0,
      1.0,
      1.0,
      1.0,
      1.0,
      1.0,
      1.0,
      1.0,
      1.0,
      1.0,
      0.014109985528219971,
      1.0,
      0.9963820549927641,
      1.0,
      1.0,
      1.0,
      1.0,
      1.0,
      1.0,
      1.0,
      1.0,
      1.0,
      1.0,
      1.0,
      1.0,
      1.0,
      1.0,
      1.0,
      1.0,
      1.0,
      1.0,
      1.0,
      1.0,
      1.0,
      1.0,
      1.0,
      1.0,
      1.0,
      1.0,
      1.0,
      1.0,
      1.0,
      0.9996382054992764,
      0.11468885672937772,
      1.0,
      1.0,
      1.0,
      1.0,
      1.0,
      1.0
    ],
    "test_acc": [
      0.0018598884066955983,
      0.0010849349039057656,
      0.0007749535027898327,
      0.0007749535027898327,
      0.0018598884066955983,
      0.0012399256044637321,
      0.0040297582145071295,
      0.005889646621202728,
      0.011159330440173589,
      0.02588344699318041,
      0.0689708617482951,
      0.1472411655300682,
      0.8262554246745195,
      0.9913205207687539,
      1.0,
      0.01379417234965902,
      1.0,
      1.0,
      0.032238065716057036,
      1.0,
      1.0,
      1.0,
      0.9975201487910725,
      1.0,
      0.07687538747675139,
      1.0,
      0.9965902045877247,
      1.0,
      1.0,
      0.007749535027898326,
      1.0,
      1.0,
      1.0,
      1.0,
      1.0,
      1.0,
      0.008989460632362058,
      0.005579665220086794,
      1.0,
      1.0,
      1.0,
      1.0,
      1.0,
      1.0,
      1.0,
      1.0,
      1.0,
      1.0,
      1.0,
      1.0,
      1.0,
      1.0,
      1.0,
      1.0,
      1.0,
      1.0,
      1.0,
      1.0,
      1.0,
      1.0,
      0.008214507129572226,
      1.0,
      0.9841909485430874,
      1.0,
      1.0,
      1.0,
      1.0,
      1.0,
      1.0,
      1.0,
      1.0,
      1.0,
      1.0,
      1.0,
      1.0,
      1.0,
      0.9996900185988841,
      1.0,
      1.0,
      1.0,
      1.0,
      1.0,
      1.0,
      1.0,
      1.0,
      1.0,
      1.0,
      1.0,
      1.0,
      1.0,
      1.0,
      1.0,
      0.9992250464972101,
      0.09624922504649722,
      1.0,
      1.0,
      1.0,
      1.0,
      1.0,
      1.0
    ]
  }
}