{
  "bottleneck_dim": 8,
  "grokking_time_90": null,
  "grokking_time_95": null,
  "grokking_time_99": null,
  "final_train_acc": 0.573082489146165,
  "final_test_acc": 0.013484190948543088,
  "log": {
    "bottleneck_dim": 8,
    "steps": [
      500,
      1000,
      1500,
      2000,
      2500,
      3000,
      3500,
      4000,
      4500,
      5000,
      5500,
      6000,
      6500,
      7000,
      7500,
      8000,
      8500,
      9000,
      9500,
      10000,
      10500,
      11000,
      11500,
      12000,
      12500,
      13000,
      13500,
      14000,
      14500,
      15000,
      15500,
      16000,
      16500,
      17000,
      17500,
      18000,
      18500,
      19000,
      19500,
      20000,
      20500,
      21000,
      21500,
      22000,
      22500,
      23000,
      23500,
      24000,
      24500,
      25000,
      25500,
      26000,
      26500,
      27000,
      27500,
      28000,
      28500,
      29000,
      29500,
      30000,
      30500,
      31000,
      31500,
      32000,
      32500,
      33000,
      33500,
      34000,
      34500,
      35000,
      35500,
      36000,
      36500,
      37000,
      37500,
      38000,
      38500,
      39000,
      39500,
      40000,
      40500,
      41000,
      41500,
      42000,
      42500,
      43000,
      43500,
      44000,
      44500,
      45000,
      45500,
      46000,
      46500,
      47000,
      47500,
      48000,
      48500,
      49000,
      49500,
      50000
    ],
    "train_loss": [
      0.7318984270095825,
      0.3673284649848938,
      0.2845458686351776,
      0.44493600726127625,
      0.13866020739078522,
      2.3403432369232178,
      1.7799456119537354,
      2.091700792312622,
      2.2368738651275635,
      0.3168976902961731,
      0.09285719692707062,
      2.728154182434082,
      0.5779426097869873,
      0.26459240913391113,
      4.568760395050049,
      4.544862270355225,
      4.555047035217285,
      4.56142520904541,
      4.56245756149292,
      4.545743942260742,
      4.550684928894043,
      4.546298027038574,
      4.545006275177002,
      4.533044338226318,
      4.52399206161499,
      4.538803577423096,
      4.555775165557861,
      4.555696964263916,
      4.538010597229004,
      4.551154136657715,
      4.560538291931152,
      4.525794506072998,
      4.47353982925415,
      4.373597145080566,
      4.095107078552246,
      3.9607675075531006,
      3.9235429763793945,
      3.8528547286987305,
      3.701059341430664,
      3.3730356693267822,
      3.4524221420288086,
      3.2829768657684326,
      3.2315194606781006,
      3.1266732215881348,
      2.8913118839263916,
      2.8614702224731445,
      2.847691059112549,
      2.696732997894287,
      2.2434303760528564,
      2.2396302223205566,
      2.132950782775879,
      2.017810344696045,
      2.0668845176696777,
      1.9195220470428467,
      1.8108898401260376,
      1.855834722518921,
      1.9075884819030762,
      1.7205647230148315,
      2.0602455139160156,
      1.7091528177261353,
      1.485512375831604,
      1.356187343597412,
      1.7137168645858765,
      1.4411598443984985,
      1.2478491067886353,
      1.3856337070465088,
      1.3817070722579956,
      1.21358323097229,
      1.3123931884765625,
      1.4000847339630127,
      1.2722164392471313,
      1.0811570882797241,
      0.9062894582748413,
      1.0192456245422363,
      0.868982195854187,
      1.4351447820663452,
      0.913054883480072,
      0.8021401762962341,
      1.5639433860778809,
      0.8403303623199463,
      0.7781976461410522,
      0.8330159187316895,
      1.5473048686981201,
      0.8982139229774475,
      0.8118520379066467,
      0.6376430988311768,
      1.0198887586593628,
      0.7212095260620117,
      1.0080863237380981,
      0.4011863172054291,
      0.6254391074180603,
      0.43095889687538147,
      1.8078423738479614,
      3.4329535961151123,
      0.5739725232124329,
      0.3236764967441559,
      3.6045124530792236,
      1.904739499092102,
      0.6676176190376282,
      1.4727742671966553
    ],
    "train_acc": [
      0.821273516642547,
      0.9091895803183792,
      0.9388567293777135,
      0.9026772793053546,
      0.9786541244573083,
      0.42185238784370477,
      0.5014471780028944,
      0.4732272069464544,
      0.290520984081042,
      0.992040520984081,
      1.0,
      0.2934153400868307,
      0.9214905933429812,
      0.9992764109985528,
      0.013386396526772794,
      0.014109985528219971,
      0.014109985528219971,
      0.014109985528219971,
      0.014109985528219971,
      0.014109985528219971,
      0.013748191027496382,
      0.014109985528219971,
      0.015557163531114327,
      0.015557163531114327,
      0.015195369030390739,
      0.016280752532561504,
      0.014109985528219971,
      0.014109985528219971,
      0.014109985528219971,
      0.014109985528219971,
      0.014109985528219971,
      0.017366136034732273,
      0.01772793053545586,
      0.030752532561505064,
      0.04124457308248915,
      0.05535455861070912,
      0.05824891461649783,
      0.0691027496382055,
      0.09008683068017366,
      0.11287988422575977,
      0.14182344428364688,
      0.16642547033285093,
      0.14218523878437048,
      0.21671490593342982,
      0.24529667149059334,
      0.25217076700434155,
      0.28473227206946455,
      0.38892908827785816,
      0.42185238784370477,
      0.40014471780028943,
      0.47829232995658466,
      0.4703328509406657,
      0.5072358900144718,
      0.4840810419681621,
      0.5296671490593343,
      0.5477568740955138,
      0.5814037626628076,
      0.5738060781476122,
      0.467438494934877,
      0.6081765557163531,
      0.6649782923299565,
      0.6979015918958031,
      0.605643994211288,
      0.565123010130246,
      0.748191027496382,
      0.6519536903039074,
      0.5318379160636758,
      0.7615774240231549,
      0.6667872648335745,
      0.6682344428364689,
      0.7217800289435601,
      0.7120115774240231,
      0.8570911722141823,
      0.7832850940665702,
      0.8574529667149059,
      0.6780028943560058,
      0.8039073806078147,
      0.875904486251809,
      0.4384949348769899,
      0.8107814761215629,
      0.9012301013024602,
      0.8643270622286541,
      0.6454413892908828,
      0.8878437047756874,
      0.821273516642547,
      0.8910998552821997,
      0.8560057887120116,
      0.9395803183791607,
      0.715629522431259,
      0.9844428364688856,
      0.9638205499276411,
      0.9898697539797395,
      0.5506512301013025,
      0.12952243125904486,
      0.920767004341534,
      0.998191027496382,
      0.09804630969609263,
      0.5767004341534009,
      0.9305354558610709,
      0.573082489146165
    ],