{
  "bottleneck_dim": 16,
  "grokking_time_90": 39000,
  "grokking_time_95": 40500,
  "grokking_time_99": null,
  "final_train_acc": 1.0,
  "final_test_acc": 0.9815561066336019,
  "log": {
    "bottleneck_dim": 16,
    "steps": [
      500,
      1000,
      1500,
      2000,
      2500,
      3000,
      3500,
      4000,
      4500,
      5000,
      5500,
      6000,
      6500,
      7000,
      7500,
      8000,
      8500,
      9000,
      9500,
      10000,
      10500,
      11000,
      11500,
      12000,
      12500,
      13000,
      13500,
      14000,
      14500,
      15000,
      15500,
      16000,
      16500,
      17000,
      17500,
      18000,
      18500,
      19000,
      19500,
      20000,
      20500,
      21000,
      21500,
      22000,
      22500,
      23000,
      23500,
      24000,
      24500,
      25000,
      25500,
      26000,
      26500,
      27000,
      27500,
      28000,
      28500,
      29000,
      29500,
      30000,
      30500,
      31000,
      31500,
      32000,
      32500,
      33000,
      33500,
      34000,
      34500,
      35000,
      35500,
      36000,
      36500,
      37000,
      37500,
      38000,
      38500,
      39000,
      39500,
      40000,
      40500,
      41000,
      41500,
      42000,
      42500,
      43000,
      43500,
      44000,
      44500,
      45000,
      45500,
      46000,
      46500,
      47000,
      47500,
      48000,
      48500,
      49000,
      49500,
      50000
    ],
    "train_loss": [
      0.981572151184082,
      1.074493408203125,
      0.09956362843513489,
      0.07724074274301529,
      2.2640814781188965,
      0.6722725033760071,
      0.18413013219833374,
      1.9070876836776733,
      0.10160557180643082,
      4.533840656280518,
      4.596396446228027,
      4.558207988739014,
      4.555637359619141,
      4.526080131530762,
      4.35707426071167,
      4.191018581390381,
      3.9520263671875,
      3.7937588691711426,
      3.6054370403289795,
      3.1804986000061035,
      2.7804601192474365,
      2.1338698863983154,
      1.6566158533096313,
      1.4374953508377075,
      1.07919442653656,
      0.9424186944961548,
      0.7384322881698608,
      2.0646350383758545,
      0.1979062408208847,
      0.4894762635231018,
      2.8440558910369873,
      0.24544157087802887,
      1.2238765954971313,
      4.565962314605713,
      4.3933491706848145,
      2.09856915473938,
      1.252783179283142,
      0.9430781006813049,
      0.7710680365562439,
      0.8224138617515564,
      0.871088445186615,
      0.3417532742023468,
      0.4690411388874054,
      0.2961804270744324,
      1.39210045337677,
      0.3371298313140869,
      0.5590425133705139,
      0.48306113481521606,
      0.23273758590221405,
      0.6101536750793457,
      1.0061001777648926,
      1.013110876083374,
      0.3193025290966034,
      3.1855595111846924,
      0.16598208248615265,
      0.47811028361320496,
      1.6078637838363647,
      0.19503028690814972,
      3.954848051071167,
      0.1803581714630127,
      2.452263593673706,
      0.6716631650924683,
      0.47067031264305115,
      0.23122186958789825,
      0.16392366588115692,
      0.2958854138851166,
      0.2590838372707367,
      0.7825886607170105,
      0.9839799404144287,
      3.922940731048584,
      0.17489014565944672,
      0.15874461829662323,
      0.19114470481872559,
      0.415575236082077,
      0.3757953345775604,
      5.37071418762207,
      2.711958408355713,
      0.1567533314228058,
      4.338881969451904,
      0.40436726808547974,
      0.13448037207126617,
      0.11275831609964371,
      3.9328558444976807,
      0.24123844504356384,
      0.11850327253341675,
      0.11080843955278397,
      0.12722834944725037,
      0.11518307030200958,
      1.507574439048767,
      0.2272738814353943,
      0.16283178329467773,
      0.20900313556194305,
      0.15947575867176056,
      0.14077463746070862,
      0.3470534384250641,
      0.13586930930614471,
      0.13709330558776855,
      0.2984958291053772,
      0.16532406210899353,
      0.11782964318990707
    ],
    "train_acc": [
      0.7083936324167872,
      0.7731548480463097,
      1.0,
      1.0,
      0.516642547033285,
      0.9334298118668596,
      0.9967438494934877,
      0.46562952243125905,
      1.0,
      0.015195369030390739,
      0.008683068017366137,
      0.014109985528219971,
      0.014109985528219971,
      0.020260492040520984,
      0.02930535455861071,
      0.04956584659913169,
      0.07525325615050651,
      0.09732272069464544,
      0.111794500723589,
      0.2015195369030391,
      0.29630969609261937,
      0.40593342981186686,
      0.5321997105643994,
      0.6164978292329957,
      0.7633863965267728,
      0.7268451519536903,
      0.8068017366136034,
      0.4565846599131693,
      0.9931259044862518,
      0.8958031837916064,
      0.21092619392185238,
      0.9768451519536903,
      0.5727206946454414,
      0.013386396526772794,
      0.03219971056439942,
      0.3306801736613603,
      0.6823444283646889,
      0.6989869753979739,
      0.807163531114327,
      0.7738784370477568,
      0.7373371924746743,
      0.984081041968162,
      0.9352387843704776,
      0.9956584659913169,
      0.6273516642547033,
      0.9725036179450073,
      0.8907380607814761,
      0.9706946454413893,
      1.0,
      0.9160636758321273,
      0.8024602026049205,
      0.6931982633863966,
      0.9768451519536903,
      0.2102026049204052,
      1.0,
      0.9652677279305355,
      0.41642547033285093,
      0.9963820549927641,
      0.0694645441389291,
      0.9992764109985528,
      0.34117221418234445,
      0.8650506512301013,
      0.9583936324167872,
      0.998191027496382,
      0.9992764109985528,
      0.9768451519536903,
      0.9793777134587555,
      0.815123010130246,
      0.7727930535455861,
      0.028219971056439943,
      0.9989146164978292,
      1.0,
      1.0,
      0.34479015918958034,
      0.9876989869753979,
      0.5452243125904487,
      0.12662807525325614,
      1.0,
      0.01845151953690304,
      0.9786541244573083,
      1.0,
      1.0,
      0.02568740955137482,
      0.9992764109985528,
      1.0,
      1.0,
      1.0,
      1.0,
      0.733357452966715,
      0.9996382054992764,
      1.0,
      1.0,
      1.0,
      1.0,
      1.0,
      1.0,
      1.0,
      0.9996382054992764,
      0.9985528219971056,
      1.0
    ],