{
  "bottleneck_dim": 4,
  "grokking_time_90": null,
  "grokking_time_95": null,
  "grokking_time_99": null,
  "final_train_acc": 0.21635311143270622,
  "final_test_acc": 0.09469931804091755,
  "log": {
    "bottleneck_dim": 4,
    "steps": [
      500,
      1000,
      1500,
      2000,
      2500,
      3000,
      3500,
      4000,
      4500,
      5000,
      5500,
      6000,
      6500,
      7000,
      7500,
      8000,
      8500,
      9000,
      9500,
      10000,
      10500,
      11000,
      11500,
      12000,
      12500,
      13000,
      13500,
      14000,
      14500,
      15000,
      15500,
      16000,
      16500,
      17000,
      17500,
      18000,
      18500,
      19000,
      19500,
      20000,
      20500,
      21000,
      21500,
      22000,
      22500,
      23000,
      23500,
      24000,
      24500,
      25000,
      25500,
      26000,
      26500,
      27000,
      27500,
      28000,
      28500,
      29000,
      29500,
      30000,
      30500,
      31000,
      31500,
      32000,
      32500,
      33000,
      33500,
      34000,
      34500,
      35000,
      35500,
      36000,
      36500,
      37000,
      37500,
      38000,
      38500,
      39000,
      39500,
      40000,
      40500,
      41000,
      41500,
      42000,
      42500,
      43000,
      43500,
      44000,
      44500,
      45000,
      45500,
      46000,
      46500,
      47000,
      47500,
      48000,
      48500,
      49000,
      49500,
      50000
    ],
    "train_loss": [
      2.902231454849243,
      2.7310924530029297,
      2.3879730701446533,
      2.1025004386901855,
      1.9826977252960205,
      1.7542836666107178,
      0.8308854103088379,
      0.6545401811599731,
      1.510722041130066,
      4.623668193817139,
      4.556442737579346,
      4.559996128082275,
      4.547199249267578,
      4.55538272857666,
      4.552123546600342,
      4.556070804595947,
      4.5503716468811035,
      4.544442176818848,
      4.553276538848877,
      4.561436176300049,
      4.543169021606445,
      4.544600486755371,
      4.554412841796875,
      4.567735195159912,
      4.5490803718566895,
      4.561343193054199,
      4.557353496551514,
      4.557346343994141,
      4.559412956237793,
      4.557632923126221,
      4.551787853240967,
      4.54636287689209,
      4.548949718475342,
      4.546859264373779,
      4.558791160583496,
      4.537075996398926,
      4.552719593048096,
      4.556402683258057,
      4.562193393707275,
      4.556176662445068,
      4.545697212219238,
      4.577882289886475,
      4.557529449462891,
      4.5534844398498535,
      4.553991794586182,
      4.445124626159668,
      4.249094009399414,
      4.075470447540283,
      3.810608148574829,
      3.646437644958496,
      3.624781847000122,
      3.434669256210327,
      3.4265196323394775,
      3.3539509773254395,
      3.2141201496124268,
      3.051492929458618,
      2.999995708465576,
      3.0310144424438477,
      3.0955138206481934,
      2.7895452976226807,
      2.5676331520080566,
      2.544790029525757,
      2.567495346069336,
      2.3455371856689453,
      2.064659833908081,
      2.0794668197631836,
      1.8053085803985596,
      1.6857372522354126,
      1.4517263174057007,
      1.3452781438827515,
      1.1774543523788452,
      1.002076268196106,
      0.9535884857177734,
      0.924832284450531,
      0.8016252517700195,
      0.7503020167350769,
      0.55402672290802,
      0.883633017539978,
      0.7770479917526245,
      0.37178805470466614,
      0.45935869216918945,
      0.5274394154548645,
      0.3636457622051239,
      0.30864381790161133,
      0.7663114666938782,
      0.5678223967552185,
      0.29755711555480957,
      0.2590142786502838,
      1.3956897258758545,
      0.5379598140716553,
      0.2296397089958191,
      0.20224463939666748,
      2.118380308151245,
      0.3311808109283447,
      0.45176246762275696,
      0.5077898502349854,
      0.23287923634052277,
      0.19712470471858978,
      0.2089831829071045,
      2.962162971496582
    ],
    "train_acc": [
      0.23154848046309695,
      0.3194645441389291,
      0.42149059334298117,
      0.4479015918958032,
      0.5151953690303908,
      0.5224312590448625,
      0.823082489146165,
      0.9070188133140377,
      0.5984081041968162,
      0.012301013024602027,
      0.014109985528219971,
      0.014109985528219971,
      0.014109985528219971,
      0.014109985528219971,
      0.014109985528219971,
      0.014109985528219971,
      0.013748191027496382,
      0.014109985528219971,
      0.014109985528219971,
      0.014109985528219971,
      0.014109985528219971,
      0.014109985528219971,
      0.014109985528219971,
      0.014109985528219971,
      0.014109985528219971,
      0.014109985528219971,
      0.014109985528219971,
      0.014109985528219971,
      0.014109985528219971,
      0.013748191027496382,
      0.013748191027496382,
      0.014109985528219971,
      0.013748191027496382,
      0.014109985528219971,
      0.014109985528219971,
      0.014109985528219971,
      0.014109985528219971,
      0.014109985528219971,
      0.013748191027496382,
      0.013748191027496382,
      0.014109985528219971,
      0.014109985528219971,
      0.014109985528219971,
      0.014109985528219971,
      0.014109985528219971,
      0.020622286541244574,
      0.024602026049204053,
      0.03690303907380608,
      0.05028943560057887,
      0.0654848046309696,
      0.06114327062228654,
      0.07814761215629522,
      0.07959479015918958,
      0.09913169319826338,
      0.11613603473227208,
      0.1472503617945007,
      0.12807525325615052,
      0.14363241678726482,
      0.12301013024602026,
      0.18198263386396527,
      0.26374819102749636,
      0.29124457308248913,
      0.3096960926193922,
      0.3194645441389291,
      0.47756874095513746,
      0.49384949348769897,
      0.5423299565846599,
      0.5452243125904487,
      0.6020260492040521,
      0.6935600578871202,
      0.7767727930535456,
      0.7134587554269175,
      0.8589001447178003,
      0.8191027496382055,
      0.8871201157742402,
      0.7789435600578871,
      0.9417510853835022,
      0.9073806078147613,
      0.8462373371924746,
      0.9873371924746743,
      0.9699710564399421,
      0.9254703328509407,
      0.9960202604920405,
      0.9967438494934877,
      0.7782199710564399,
      0.9801013024602026,
      1.0,
      0.9978292329956585,
      0.5047033285094067,
      0.9298118668596237,
      1.0,
      1.0,
      0.4120839363241679,
      0.9721418234442837,
      0.9634587554269175,
      0.9663531114327062,
      0.9996382054992764,
      0.9996382054992764,
      1.0,
      0.21635311143270622
    ],