{
  "bottleneck_dim": 64,
  "grokking_time_90": null,
  "grokking_time_95": null,
  "grokking_time_99": null,
  "final_train_acc": 0.38133140376266283,
  "final_test_acc": 0.2924674519528828,
  "log": {
    "bottleneck_dim": 64,
    "steps": [
      500,
      1000,
      1500,
      2000,
      2500,
      3000,
      3500,
      4000,
      4500,
      5000,
      5500,
      6000,
      6500,
      7000,
      7500,
      8000,
      8500,
      9000,
      9500,
      10000,
      10500,
      11000,
      11500,
      12000,
      12500,
      13000,
      13500,
      14000,
      14500,
      15000,
      15500,
      16000,
      16500,
      17000,
      17500,
      18000,
      18500,
      19000,
      19500,
      20000,
      20500,
      21000,
      21500,
      22000,
      22500,
      23000,
      23500,
      24000,
      24500,
      25000,
      25500,
      26000,
      26500,
      27000,
      27500,
      28000,
      28500,
      29000,
      29500,
      30000,
      30500,
      31000,
      31500,
      32000,
      32500,
      33000,
      33500,
      34000,
      34500,
      35000,
      35500,
      36000,
      36500,
      37000,
      37500,
      38000,
      38500,
      39000,
      39500,
      40000,
      40500,
      41000,
      41500,
      42000,
      42500,
      43000,
      43500,
      44000,
      44500,
      45000,
      45500,
      46000,
      46500,
      47000,
      47500,
      48000,
      48500,
      49000,
      49500,
      50000
    ],
    "train_loss": [
      0.03552137687802315,
      0.16431879997253418,
      0.07463986426591873,
      0.07021036744117737,
      2.382859706878662,
      2.903904438018799,
      0.09053156524896622,
      4.560657978057861,
      4.561820030212402,
      4.558776378631592,
      4.552095890045166,
      4.560270309448242,
      4.556603908538818,
      4.54948616027832,
      4.54286003112793,
      4.526917457580566,
      4.53481388092041,
      4.505002975463867,
      4.5485382080078125,
      4.537285804748535,
      4.54818058013916,
      4.5173540115356445,
      4.5339274406433105,
      4.550455570220947,
      4.468379497528076,
      4.269908905029297,
      4.21298360824585,
      4.082676410675049,
      3.9851646423339844,
      3.6963977813720703,
      3.8655450344085693,
      3.541633367538452,
      3.328730821609497,
      3.1432061195373535,
      3.02522873878479,
      3.0519237518310547,
      2.8721466064453125,
      2.69712495803833,
      2.8055787086486816,
      2.5696699619293213,
      2.6092512607574463,
      3.254288673400879,
      2.36728835105896,
      2.425678253173828,
      2.239259958267212,
      2.3148558139801025,
      2.3526902198791504,
      2.3157801628112793,
      2.253889322280884,
      1.9661129713058472,
      2.128225803375244,
      2.0059990882873535,
      2.002781391143799,
      2.1218628883361816,
      1.908369779586792,
      1.9669808149337769,
      1.7813680171966553,
      1.7695248126983643,
      1.8437143564224243,
      2.129089593887329,
      1.7992547750473022,
      1.7199764251708984,
      2.220432758331299,
      0.9978198409080505,
      1.2615113258361816,
      0.20488260686397552,
      0.691693902015686,
      0.3850548267364502,
      0.29469648003578186,
      0.28192928433418274,
      0.30976900458335876,
      0.32810911536216736,
      0.2584950923919678,
      0.23095107078552246,
      0.20842847228050232,
      0.504599928855896,
      0.19827589392662048,
      0.25633513927459717,
      0.3499477803707123,
      0.19237548112869263,
      0.3515431880950928,
      0.28357744216918945,
      0.21821023523807526,
      0.19567450881004333,
      0.2089487463235855,
      0.18569882214069366,
      0.25655120611190796,
      0.15687189996242523,
      0.2714186906814575,
      0.19105347990989685,
      0.17671239376068115,
      0.3758877217769623,
      0.18368549644947052,
      0.27615252137184143,
      0.158192977309227,
      0.30269455909729004,
      0.1943121999502182,
      0.1893213838338852,
      0.23351219296455383,
      2.362243175506592
    ],
    "train_acc": [
      1.0,
      0.9974674384949349,
      1.0,
      1.0,
      0.39399421128798845,
      0.19898697539797394,
      1.0,
      0.013386396526772794,
      0.014109985528219971,
      0.014109985528219971,
      0.014109985528219971,
      0.014109985528219971,
      0.014109985528219971,
      0.014109985528219971,
      0.017366136034732273,
      0.015918958031837915,
      0.01772793053545586,
      0.016642547033285094,
      0.016642547033285094,
      0.017004341534008684,
      0.017366136034732273,
      0.017004341534008684,
      0.017366136034732273,
      0.015195369030390739,
      0.019898697539797394,
      0.030390738060781478,
      0.040882778581765554,
      0.05463096960926194,
      0.07670043415340087,
      0.12301013024602026,
      0.12264833574529667,
      0.18162083936324167,
      0.22937771345875543,
      0.23299565846599132,
      0.30463096960926195,
      0.2992040520984081,
      0.29196816208393633,
      0.33683068017366136,
      0.35709117221418235,
      0.39290882778581765,
      0.3426193921852388,
      0.25542691751085383,
      0.44971056439942114,
      0.40014471780028943,
      0.4359623733719247,
      0.4109985528219971,
      0.4204052098408104,
      0.41280752532561504,
      0.2785817655571635,
      0.5213458755426917,
      0.4544138929088278,
      0.44175108538350216,
      0.4880607814761216,
      0.4374095513748191,
      0.49384949348769897,
      0.46562952243125905,
      0.5481186685962374,
      0.4645441389290883,
      0.5372648335745297,
      0.22648335745296672,
      0.5173661360347322,
      0.42221418234442837,
      0.388205499276411,
      0.8238060781476122,
      0.7261215629522432,
      0.9985528219971056,
      0.8574529667149059,
      0.981548480463097,
      0.9956584659913169,
      0.9945730824891461,
      0.9945730824891461,
      0.9905933429811867,
      0.9895079594790159,
      0.9971056439942113,
      1.0,
      0.9529667149059334,
      0.9996382054992764,
      0.9989146164978292,
      0.9942112879884226,
      0.9996382054992764,
      0.9848046309696092,
      0.993849493487699,
      0.9924023154848046,
      0.9963820549927641,
      0.9974674384949349,
      0.9996382054992764,
      0.9989146164978292,
      1.0,
      0.9927641099855282,
      0.9996382054992764,
      0.9974674384949349,
      0.9909551374819102,
      1.0,
      0.9945730824891461,
      0.9996382054992764,
      0.9916787264833574,
      0.9989146164978292,
      0.9992764109985528,
      0.9963820549927641,
      0.38133140376266283
    ],