{
  "bottleneck_dim": 2,
  "grokking_time_90": null,
  "grokking_time_95": null,
  "grokking_time_99": null,
  "final_train_acc": 0.3462373371924747,
  "final_test_acc": 0.2754184748915065,
  "log": {
    "bottleneck_dim": 2,
    "steps": [
      500,
      1000,
      1500,
      2000,
      2500,
      3000,
      3500,
      4000,
      4500,
      5000,
      5500,
      6000,
      6500,
      7000,
      7500,
      8000,
      8500,
      9000,
      9500,
      10000,
      10500,
      11000,
      11500,
      12000,
      12500,
      13000,
      13500,
      14000,
      14500,
      15000,
      15500,
      16000,
      16500,
      17000,
      17500,
      18000,
      18500,
      19000,
      19500,
      20000,
      20500,
      21000,
      21500,
      22000,
      22500,
      23000,
      23500,
      24000,
      24500,
      25000,
      25500,
      26000,
      26500,
      27000,
      27500,
      28000,
      28500,
      29000,
      29500,
      30000,
      30500,
      31000,
      31500,
      32000,
      32500,
      33000,
      33500,
      34000,
      34500,
      35000,
      35500,
      36000,
      36500,
      37000,
      37500,
      38000,
      38500,
      39000,
      39500,
      40000,
      40500,
      41000,
      41500,
      42000,
      42500,
      43000,
      43500,
      44000,
      44500,
      45000,
      45500,
      46000,
      46500,
      47000,
      47500,
      48000,
      48500,
      49000,
      49500,
      50000
    ],
    "train_loss": [
      4.368960857391357,
      4.3378071784973145,
      4.404122352600098,
      4.272157669067383,
      4.240843772888184,
      4.040360450744629,
      4.053596019744873,
      3.85781192779541,
      3.777900218963623,
      3.4573025703430176,
      3.194004774093628,
      3.243300199508667,
      2.753760814666748,
      2.503974199295044,
      2.3453197479248047,
      2.1095736026763916,
      2.186537504196167,
      2.0067944526672363,
      1.7948129177093506,
      2.237475633621216,
      1.7827664613723755,
      2.237010955810547,
      2.037104606628418,
      2.2042644023895264,
      2.114011526107788,
      1.8957175016403198,
      1.853935718536377,
      1.8143117427825928,
      2.0792369842529297,
      1.8358194828033447,
      1.7701246738433838,
      2.1782331466674805,
      1.7453749179840088,
      1.8121000528335571,
      2.3186802864074707,
      1.7618499994277954,
      1.9670441150665283,
      1.781777262687683,
      1.7569822072982788,
      1.9476290941238403,
      1.7183500528335571,
      1.6969341039657593,
      1.8662128448486328,
      1.7032442092895508,
      5.018085956573486,
      3.7320146560668945,
      2.9619884490966797,
      2.4826200008392334,
      2.1969215869903564,
      1.9494110345840454,
      1.833324909210205,
      1.856165885925293,
      1.8591870069503784,
      2.0202159881591797,
      1.811309814453125,
      2.0590672492980957,
      1.7454012632369995,
      1.6424129009246826,
      1.7436877489089966,
      1.6429612636566162,
      1.6726726293563843,
      1.7249400615692139,
      1.7068185806274414,
      1.7109694480895996,
      2.501112699508667,
      1.6202971935272217,
      1.611500859260559,
      1.9705755710601807,
      1.7289533615112305,
      1.6672592163085938,
      1.8836044073104858,
      1.767870545387268,
      1.794395923614502,
      2.925281524658203,
      1.637565016746521,
      1.6360225677490234,
      1.8016924858093262,
      1.6404517889022827,
      1.651031732559204,
      1.6637054681777954,
      1.625626802444458,
      1.7007620334625244,
      2.2975902557373047,
      1.7442957162857056,
      1.6347455978393555,
      1.671911358833313,
      1.965599536895752,
      1.654530644416809,
      1.7760316133499146,
      1.6375645399093628,
      1.6409088373184204,
      1.649274230003357,
      2.1843650341033936,
      2.2614846229553223,
      2.212480306625366,
      2.2060351371765137,
      2.090003728866577,
      2.111853837966919,
      2.103602886199951,
      2.0396816730499268
    ],
    "train_acc": [
      0.03400868306801737,
      0.03545586107091172,
      0.03654124457308249,
      0.04015918958031838,
      0.04630969609261939,
      0.057163531114327065,
      0.04667149059334298,
      0.06729377713458755,
      0.08429811866859624,
      0.1049204052098408,
      0.16678726483357453,
      0.17257597684515194,
      0.21526772793053545,
      0.26519536903039076,
      0.3288712011577424,
      0.38096960926193923,
      0.35709117221418235,
      0.43270622286541244,
      0.5253256150506512,
      0.30354558610709115,
      0.5376266280752533,
      0.29124457308248913,
      0.34913169319826337,
      0.3473227206946454,
      0.32814761215629523,
      0.4431982633863965,
      0.4996382054992764,
      0.5224312590448625,
      0.3143994211287988,
      0.41678726483357453,
      0.4725036179450072,
      0.30354558610709115,
      0.5806801736613604,
      0.4840810419681621,
      0.25542691751085383,
      0.5311143270622286,
      0.3780752532561505,
      0.5332850940665702,
      0.5177279305354558,
      0.3256150506512301,
      0.4869753979739508,
      0.5423299565846599,
      0.3831403762662808,
      0.5557163531114327,
      0.013386396526772794,
      0.05752532561505065,
      0.14869753979739508,
      0.20007235890014471,
      0.30137481910274966,
      0.36794500723589,
      0.4761215629522431,
      0.45803183791606367,
      0.4761215629522431,
      0.3379160636758321,
      0.5463096960926194,
      0.361794500723589,
      0.5115774240231549,
      0.581041968162084,
      0.48625180897250364,
      0.5973227206946454,
      0.5748914616497829,
      0.5401591895803184,
      0.5759768451519537,
      0.5492040520984081,
      0.23552821997105644,
      0.5734442836468886,
      0.5596960926193922,
      0.4706946454413893,
      0.5560781476121563,
      0.5593342981186686,
      0.4196816208393632,
      0.4996382054992764,
      0.43234442836468884,
      0.243849493487699,
      0.6027496382054993,
      0.6244573082489147,
      0.45839363241678727,
      0.5271345875542692,
      0.5680173661360347,
      0.5835745296671491,
      0.5958755426917511,
      0.5043415340086831,
      0.07597684515195369,
      0.515918958031838,
      0.6096237337192475,
      0.613603473227207,
      0.4034008683068017,
      0.5390738060781476,
      0.46924746743849494,
      0.60383502170767,
      0.5575253256150506,
      0.5611432706222865,
      0.3096960926193922,
      0.29739507959479017,
      0.3219971056439942,
      0.2894356005788712,
      0.3621562952243126,
      0.2832850940665702,
      0.3020984081041968,
      0.3462373371924747
    ],