{
  "bottleneck_dim": 32,
  "grokking_time_90": 24500,
  "grokking_time_95": 25000,
  "grokking_time_99": 25000,
  "final_train_acc": 1.0,
  "final_test_acc": 0.9993800371977681,
  "log": {
    "bottleneck_dim": 32,
    "steps": [
      500,
      1000,
      1500,
      2000,
      2500,
      3000,
      3500,
      4000,
      4500,
      5000,
      5500,
      6000,
      6500,
      7000,
      7500,
      8000,
      8500,
      9000,
      9500,
      10000,
      10500,
      11000,
      11500,
      12000,
      12500,
      13000,
      13500,
      14000,
      14500,
      15000,
      15500,
      16000,
      16500,
      17000,
      17500,
      18000,
      18500,
      19000,
      19500,
      20000,
      20500,
      21000,
      21500,
      22000,
      22500,
      23000,
      23500,
      24000,
      24500,
      25000,
      25500,
      26000,
      26500,
      27000,
      27500,
      28000,
      28500,
      29000,
      29500,
      30000,
      30500,
      31000,
      31500,
      32000,
      32500,
      33000,
      33500,
      34000,
      34500,
      35000,
      35500,
      36000,
      36500,
      37000,
      37500,
      38000,
      38500,
      39000,
      39500,
      40000,
      40500,
      41000,
      41500,
      42000,
      42500,
      43000,
      43500,
      44000,
      44500,
      45000,
      45500,
      46000,
      46500,
      47000,
      47500,
      48000,
      48500,
      49000,
      49500,
      50000
    ],
    "train_loss": [
      0.046255696564912796,
      0.0881102904677391,
      0.08891723304986954,
      0.8417757153511047,
      0.11127569526433945,
      3.7603559494018555,
      0.11928432434797287,
      4.553854942321777,
      4.5540361404418945,
      4.52298641204834,
      4.428244113922119,
      4.408988952636719,
      4.323639869689941,
      4.3078718185424805,
      4.271267890930176,
      4.091593265533447,
      4.027929306030273,
      3.8625354766845703,
      3.542097806930542,
      3.3993470668792725,
      3.114924669265747,
      2.605290651321411,
      2.511733293533325,
      2.3290655612945557,
      1.8788584470748901,
      1.540743350982666,
      1.1874215602874756,
      0.6411165595054626,
      0.7526191473007202,
      0.632984459400177,
      0.6526919007301331,
      0.9255611300468445,
      1.2113276720046997,
      0.1557256132364273,
      2.646651268005371,
      0.13066692650318146,
      1.3134305477142334,
      0.12240172922611237,
      3.981889009475708,
      0.11210225522518158,
      0.4629783630371094,
      0.28691384196281433,
      1.7642959356307983,
      0.36202841997146606,
      0.10469109565019608,
      0.20254084467887878,
      0.18948739767074585,
      1.5306251049041748,
      0.1673191487789154,
      0.23792298138141632,
      0.1389690339565277,
      0.17013490200042725,
      0.08264410495758057,
      0.13724353909492493,
      0.19131246209144592,
      0.09379797428846359,
      0.11353380233049393,
      0.058870829641819,
      0.2604563236236572,
      0.112711600959301,
      0.07764692604541779,
      0.08504682034254074,
      0.05572786182165146,
      0.08338546007871628,
      0.0809275358915329,
      0.09103851765394211,
      0.10242902487516403,
      2.297037363052368,
      0.08596313744783401,
      0.08295516669750214,
      0.09171979129314423,
      0.0791517049074173,
      0.11116551607847214,
      0.11153879016637802,
      0.10122857987880707,
      0.19454708695411682,
      0.056012045592069626,
      0.11751410365104675,
      0.28252118825912476,
      3.8768250942230225,
      0.22029830515384674,
      2.960014820098877,
      0.20351587235927582,
      0.25125840306282043,
      1.2253705263137817,
      2.141584873199463,
      0.13041356205940247,
      2.6428043842315674,
      0.11207341402769089,
      0.19455192983150482,
      0.0711384043097496,
      0.11636477708816528,
      0.09254803508520126,
      0.08062098175287247,
      0.08403053879737854,
      0.1055278480052948,
      0.08403122425079346,
      0.09353070706129074,
      0.0838727131485939,
      0.17437593638896942
    ],
    "train_acc": [
      1.0,
      1.0,
      1.0,
      0.8534732272069464,
      1.0,
      0.06476121562952243,
      0.9996382054992764,
      0.014109985528219971,
      0.014109985528219971,
      0.017366136034732273,
      0.029667149059334298,
      0.031114327062228653,
      0.034370477568740954,
      0.0329232995658466,
      0.04305354558610709,
      0.05209840810419682,
      0.06657018813314038,
      0.07959479015918958,
      0.10817655571635311,
      0.14254703328509408,
      0.2076700434153401,
      0.26157742402315487,
      0.35274963820549926,
      0.3708393632416787,
      0.524602026049204,
      0.611794500723589,
      0.66027496382055,
      0.8704775687409552,
      0.8589001447178003,
      0.8683068017366136,
      0.8990593342981187,
      0.8241678726483358,
      0.7738784370477568,
      0.9967438494934877,
      0.2995658465991317,
      1.0,
      0.697178002894356,
      1.0,
      0.08176555716353111,
      1.0,
      0.951519536903039,
      0.9819102749638206,
      0.4602026049204052,
      0.9623733719247467,
      1.0,
      1.0,
      1.0,
      0.6392908827785818,
      1.0,
      1.0,
      0.9992764109985528,
      1.0,
      1.0,
      1.0,
      1.0,
      0.9996382054992764,
      0.9902315484804631,
      1.0,
      1.0,
      1.0,
      1.0,
      0.9996382054992764,
      1.0,
      1.0,
      1.0,
      1.0,
      1.0,
      0.3321273516642547,
      1.0,
      1.0,
      1.0,
      1.0,
      1.0,
      1.0,
      1.0,
      1.0,
      1.0,
      0.9793777134587555,
      1.0,
      0.11107091172214183,
      0.9790159189580319,
      0.17040520984081042,
      1.0,
      0.9992764109985528,
      0.7232272069464544,
      0.4044862518089725,
      1.0,
      0.21092619392185238,
      1.0,
      1.0,
      1.0,
      1.0,
      1.0,
      1.0,
      1.0,
      1.0,
      1.0,
      1.0,
      1.0,
      1.0
    ],