{
  "bottleneck_dim": 128,
  "grokking_time_90": 9500,
  "grokking_time_95": 9500,
  "grokking_time_99": 9500,
  "final_train_acc": 1.0,
  "final_test_acc": 1.0,
  "log": {
    "bottleneck_dim": 128,
    "steps": [
      500,
      1000,
      1500,
      2000,
      2500,
      3000,
      3500,
      4000,
      4500,
      5000,
      5500,
      6000,
      6500,
      7000,
      7500,
      8000,
      8500,
      9000,
      9500,
      10000,
      10500,
      11000,
      11500,
      12000,
      12500,
      13000,
      13500,
      14000,
      14500,
      15000,
      15500,
      16000,
      16500,
      17000,
      17500,
      18000,
      18500,
      19000,
      19500,
      20000,
      20500,
      21000,
      21500,
      22000,
      22500,
      23000,
      23500,
      24000,
      24500,
      25000,
      25500,
      26000,
      26500,
      27000,
      27500,
      28000,
      28500,
      29000,
      29500,
      30000,
      30500,
      31000,
      31500,
      32000,
      32500,
      33000,
      33500,
      34000,
      34500,
      35000,
      35500,
      36000,
      36500,
      37000,
      37500,
      38000,
      38500,
      39000,
      39500,
      40000,
      40500,
      41000,
      41500,
      42000,
      42500,
      43000,
      43500,
      44000,
      44500,
      45000,
      45500,
      46000,
      46500,
      47000,
      47500,
      48000,
      48500,
      49000,
      49500,
      50000
    ],
    "train_loss": [
      0.0620729997754097,
      4.148910045623779,
      0.049419984221458435,
      0.43328142166137695,
      0.05763404816389084,
      0.18405170738697052,
      0.07549584656953812,
      0.07066868990659714,
      0.42088979482650757,
      0.30309849977493286,
      0.06796975433826447,
      0.06921139359474182,
      0.06561944633722305,
      0.06837079674005508,
      0.18461860716342926,
      0.0719948559999466,
      1.391315221786499,
      0.047861166298389435,
      0.034103408455848694,
      0.04119696468114853,
      0.018144086003303528,
      0.039160314947366714,
      0.10034960508346558,
      0.022370634600520134,
      4.557772636413574,
      0.916357696056366,
      0.02060139738023281,
      0.06890445202589035,
      0.03847086802124977,
      0.03350500389933586,
      0.03910427913069725,
      0.032954663038253784,
      0.028507575392723083,
      0.02605847641825676,
      0.030796553939580917,
      0.032978758215904236,
      0.024329187348484993,
      0.029604703187942505,
      0.024919327348470688,
      4.547635555267334,
      0.9485262036323547,
      0.15110835433006287,
      0.08452237397432327,
      0.05462460219860077,
      0.11388449370861053,
      0.04842153564095497,
      0.03739877790212631,
      4.486497402191162,
      0.04171185567975044,
      1.0478166341781616,
      0.045547179877758026,
      0.0361766591668129,
      0.1879664659500122,
      3.973658561706543,
      0.03652055189013481,
      4.858475208282471,
      2.3943233489990234,
      0.4076070487499237,
      0.04995837062597275,
      0.1716633439064026,
      1.4230014085769653,
      0.0452919639647007,
      0.03210601955652237,
      0.03286720812320709,
      0.03834931179881096,
      0.03848949819803238,
      0.03455013409256935,
      0.03135344013571739,
      0.8040007948875427,
      0.7691492438316345,
      0.11564957350492477,
      1.821967363357544,
      0.021519022062420845,
      0.033505555242300034,
      0.15184129774570465,
      0.03521374613046646,
      0.5790473222732544,
      0.043840181082487106,
      0.10963024199008942,
      0.03331241384148598,
      0.033077772706747055,
      0.38055697083473206,
      4.528646469116211,
      0.18526072800159454,
      3.585422992706299,
      0.6108967065811157,
      0.030686067417263985,
      0.03499385714530945,
      0.08739673346281052,
      0.023675451055169106,
      0.03468357399106026,
      0.031982094049453735,
      0.1635887175798416,
      4.270957946777344,
      0.0503399483859539,
      0.7978894114494324,
      4.3110222816467285,
      0.02171548642218113,
      0.02817486971616745,
      0.02653718739748001
    ],
    "train_acc": [
      1.0,
      0.21888567293777134,
      1.0,
      0.9826338639652678,
      1.0,
      0.9996382054992764,
      1.0,
      1.0,
      0.9909551374819102,
      0.9992764109985528,
      1.0,
      1.0,
      1.0,
      1.0,
      1.0,
      1.0,
      0.7861794500723589,
      1.0,
      1.0,
      1.0,
      1.0,
      1.0,
      1.0,
      1.0,
      0.011577424023154847,
      0.7507235890014472,
      1.0,
      1.0,
      1.0,
      1.0,
      1.0,
      1.0,
      1.0,
      1.0,
      1.0,
      1.0,
      1.0,
      1.0,
      1.0,
      0.013386396526772794,
      0.7275687409551375,
      0.9992764109985528,
      1.0,
      1.0,
      1.0,
      1.0,
      1.0,
      0.023154848046309694,
      1.0,
      0.8686685962373372,
      1.0,
      1.0,
      0.9782923299565847,
      0.060781476121562955,
      1.0,
      0.030390738060781478,
      0.3154848046309696,
      0.9384949348769899,
      1.0,
      0.9905933429811867,
      0.725397973950796,
      1.0,
      1.0,
      1.0,
      1.0,
      1.0,
      1.0,
      1.0,
      0.7054992764109985,
      0.8795224312590448,
      0.9992764109985528,
      0.5372648335745297,
      1.0,
      1.0,
      0.9934876989869754,
      1.0,
      0.9431982633863966,
      1.0,
      0.9996382054992764,
      1.0,
      1.0,
      0.9149782923299565,
      0.028219971056439943,
      0.9963820549927641,
      0.10817655571635311,
      0.975397973950796,
      1.0,
      1.0,
      0.9992764109985528,
      1.0,
      1.0,
      1.0,
      0.9992764109985528,
      0.06439942112879884,
      1.0,
      0.8766280752532561,
      0.06693198263386396,
      1.0,
      1.0,
      1.0
    ],
    "test_acc": [
      0.0012399256044637321,
      0.0026348419094854307,
      0.0015499070055796653,
      0.0015499070055796653,
      0.0030998140111593306,
      0.0021698698078115313,
      0.004804711717296962,
      0.005424674519528828,
      0.009299442033477991,
      0.014414135151890887,
      0.022938623682579044,
      0.02541847489150651,
      0.02851828890266584,
      0.042932424054556724,
      0.1884686918784873,
      0.26735895846249225,
      0.4246745195288283,
      0.8352448853068816,
      0.9944203347799132,
      1.0,
      1.0,
      1.0,
      0.9990700557966522,
      1.0,
      0.00712957222566646,
      0.3549287042777433,
      0.9989150650960942,
      1.0,
      1.0,
      1.0,
      1.0,
      1.0,
      1.0,
      1.0,
      1.0,
      1.0,
      1.0,
      1.0,
      1.0,
      0.008989460632362058,
      0.3462492250464972,
      0.3592684438933664,
      0.3963112213267204,
      0.46915685058896467,
      0.5263484190948543,
      0.884376937383757,
      0.999845009299442,
      0.013639181649101054,
      0.9982951022938623,
      0.7394606323620583,
      0.9993800371977681,
      1.0,
      0.971946683199008,
      0.04401735895846249,
      1.0,
      0.02541847489150651,
      0.23806571605703658,
      0.8730626162430254,
      1.0,
      0.9882207067575945,
      0.6522008679479231,
      1.0,
      1.0,
      1.0,
      1.0,
      1.0,
      1.0,
      1.0,
      0.3853068815871048,
      0.6957532548047117,
      0.9941103533787973,
      0.4403285802851829,
      1.0,
      1.0,
      0.9711717296962182,
      1.0,
      0.883911965282083,
      1.0,
      0.9902355858648481,
      1.0,
      1.0,
      0.8817420954742715,
      0.01642901425914445,
      0.9928704277743335,
      0.05874147551146931,
      0.9493180409175449,
      1.0,
      1.0,
      0.9973651580905145,
      1.0,
      1.0,
      1.0,
      0.9987600743955363,
      0.03967761934283943,
      1.0,
      0.7800681959082455,
      0.04913205207687539,
      1.0,
      1.0,
      1.0
    ]
  }
}