{
  "bottleneck_dim": 1,
  "grokking_time_90": null,
  "grokking_time_95": null,
  "grokking_time_99": null,
  "final_train_acc": 0.0658465991316932,
  "final_test_acc": 0.010539367637941723,
  "log": {
    "bottleneck_dim": 1,
    "steps": [
      500,
      1000,
      1500,
      2000,
      2500,
      3000,
      3500,
      4000,
      4500,
      5000,
      5500,
      6000,
      6500,
      7000,
      7500,
      8000,
      8500,
      9000,
      9500,
      10000,
      10500,
      11000,
      11500,
      12000,
      12500,
      13000,
      13500,
      14000,
      14500,
      15000,
      15500,
      16000,
      16500,
      17000,
      17500,
      18000,
      18500,
      19000,
      19500,
      20000,
      20500,
      21000,
      21500,
      22000,
      22500,
      23000,
      23500,
      24000,
      24500,
      25000,
      25500,
      26000,
      26500,
      27000,
      27500,
      28000,
      28500,
      29000,
      29500,
      30000,
      30500,
      31000,
      31500,
      32000,
      32500,
      33000,
      33500,
      34000,
      34500,
      35000,
      35500,
      36000,
      36500,
      37000,
      37500,
      38000,
      38500,
      39000,
      39500,
      40000,
      40500,
      41000,
      41500,
      42000,
      42500,
      43000,
      43500,
      44000,
      44500,
      45000,
      45500,
      46000,
      46500,
      47000,
      47500,
      48000,
      48500,
      49000,
      49500,
      50000
    ],
    "train_loss": [
      4.540213584899902,
      4.561410903930664,
      4.526779651641846,
      4.431489944458008,
      4.392657279968262,
      4.392428398132324,
      4.314087867736816,
      4.287168979644775,
      4.195979595184326,
      3.985172986984253,
      3.9823203086853027,
      3.9345269203186035,
      3.8256301879882812,
      3.814516544342041,
      3.822654962539673,
      3.6679892539978027,
      3.983388662338257,
      3.58547043800354,
      3.559286117553711,
      3.7005410194396973,
      3.714158296585083,
      3.536776304244995,
      3.520627498626709,
      3.7738842964172363,
      3.5070812702178955,
      3.5206074714660645,
      3.6487205028533936,
      3.457109212875366,
      3.4869420528411865,
      3.466693162918091,
      3.394754409790039,
      3.553175926208496,
      3.4386329650878906,
      3.621603012084961,
      3.3856961727142334,
      3.465792179107666,
      3.4226362705230713,
      3.383293390274048,
      3.4954237937927246,
      3.4006636142730713,
      3.336693525314331,
      3.454744577407837,
      3.4648585319519043,
      3.3686397075653076,
      3.516679048538208,
      3.442939043045044,
      3.450371265411377,
      3.3838276863098145,
      3.416195869445801,
      3.6509718894958496,
      3.55244779586792,
      3.3498592376708984,
      3.4339492321014404,
      3.410245180130005,
      3.550287961959839,
      3.5620906352996826,
      3.397374391555786,
      3.695143461227417,
      3.3409149646759033,
      4.038081645965576,
      3.3727304935455322,
      3.3666560649871826,
      3.361649990081787,
      3.361016035079956,
      3.388089418411255,
      3.332338809967041,
      3.3652281761169434,
      3.3015053272247314,
      3.2869038581848145,
      3.349276304244995,
      3.3407208919525146,
      3.5722811222076416,
      3.3808469772338867,
      3.3415844440460205,
      3.3696954250335693,
      3.322772264480591,
      3.5213394165039062,
      3.324751377105713,
      3.4355640411376953,
      3.3660852909088135,
      3.314661979675293,
      3.506692409515381,
      3.344562292098999,
      3.557070016860962,
      3.4137115478515625,
      3.3217124938964844,
      3.567124605178833,
      3.3744895458221436,
      3.328693389892578,
      3.5730035305023193,
      3.3132164478302,
      3.333242416381836,
      3.358433246612549,
      3.314455986022949,
      3.4769351482391357,
      3.2972021102905273,
      3.886350154876709,
      3.3208601474761963,
      3.6665921211242676,
      3.3329036235809326
    ],
    "train_acc": [
      0.014109985528219971,
      0.013748191027496382,
      0.015195369030390739,
      0.01881331403762663,
      0.019536903039073805,
      0.024240231548480463,
      0.022793053545586108,
      0.02243125904486252,
      0.02930535455861071,
      0.0329232995658466,
      0.03907380607814761,
      0.03690303907380608,
      0.04305354558610709,
      0.05318379160636758,
      0.05390738060781476,
      0.05607814761215629,
      0.03979739507959479,
      0.05173661360347323,
      0.06114327062228654,
      0.045586107091172216,
      0.05390738060781476,
      0.07199710564399421,
      0.07778581765557163,
      0.05065123010130246,
      0.07127351664254704,
      0.06512301013024602,
      0.05752532561505065,
      0.0691027496382055,
      0.07452966714905933,
      0.06222865412445731,
      0.07706222865412446,
      0.05680173661360347,
      0.08900144717800289,
      0.056439942112879886,
      0.08285094066570188,
      0.07706222865412446,
      0.06620839363241679,
      0.0654848046309696,
      0.06295224312590449,
      0.06657018813314038,
      0.0658465991316932,
      0.05969609261939218,
      0.06657018813314038,
      0.06693198263386396,
      0.05824891461649783,
      0.06657018813314038,
      0.06512301013024602,
      0.06874095513748191,
      0.06693198263386396,
      0.05137481910274964,
      0.0654848046309696,
      0.06729377713458755,
      0.0654848046309696,
      0.07670043415340087,
      0.05499276410998553,
      0.05752532561505065,
      0.07380607814761216,
      0.04703328509406657,
      0.07344428364688857,
      0.044500723589001444,
      0.07380607814761216,
      0.06439942112879884,
      0.07199710564399421,
      0.06765557163531115,
      0.06874095513748191,
      0.0654848046309696,
      0.06512301013024602,
      0.06874095513748191,
      0.0691027496382055,
      0.06512301013024602,
      0.07272069464544138,
      0.06150506512301013,
      0.07633863965267727,
      0.06982633863965268,
      0.07633863965267727,
      0.0625904486251809,
      0.05752532561505065,
      0.07670043415340087,
      0.06331403762662807,
      0.06765557163531115,
      0.09008683068017366,
      0.06114327062228654,
      0.08176555716353111,
      0.05535455861070912,
      0.0694645441389291,
      0.07670043415340087,
      0.05499276410998553,
      0.07199710564399421,
      0.085383502170767,
      0.05390738060781476,
      0.06512301013024602,
      0.0691027496382055,
      0.07054992764109985,
      0.07018813314037627,
      0.06041968162083936,
      0.07018813314037627,
      0.04341534008683068,
      0.07489146164978293,
      0.05209840810419682,
      0.0658465991316932
    ],