{
  "seed": 1003,
  "operation": "multiplication",
  "steps": [
    1000,
    2000,
    3000,
    4000,
    5000,
    6000,
    7000,
    8000,
    9000,
    10000,
    11000,
    12000,
    13000,
    14000,
    15000,
    16000,
    17000,
    18000,
    19000,
    20000,
    21000,
    22000,
    23000,
    24000,
    25000,
    26000,
    27000,
    28000,
    29000,
    30000,
    31000,
    32000,
    33000,
    34000,
    35000,
    36000,
    37000,
    38000,
    39000,
    40000,
    41000,
    42000,
    43000,
    44000,
    45000,
    46000,
    47000,
    48000,
    49000,
    50000,
    51000,
    52000,
    53000,
    54000,
    55000,
    56000,
    57000,
    58000,
    59000,
    60000,
    61000,
    62000,
    63000,
    64000,
    65000,
    66000,
    67000,
    68000,
    69000,
    70000,
    71000,
    72000,
    73000,
    74000,
    75000,
    76000,
    77000,
    78000,
    79000,
    80000,
    81000,
    82000,
    83000,
    84000,
    85000,
    86000,
    87000,
    88000,
    89000,
    90000,
    91000,
    92000,
    93000,
    94000,
    95000,
    96000,
    97000,
    98000,
    99000,
    100000,
    101000,
    102000,
    103000,
    104000,
    105000,
    106000,
    107000,
    108000,
    109000,
    110000,
    111000,
    112000,
    113000,
    114000,
    115000,
    116000,
    117000,
    118000,
    119000,
    120000,
    121000,
    122000,
    123000,
    124000,
    125000,
    126000,
    127000,
    128000,
    129000,
    130000,
    131000,
    132000,
    133000,
    134000,
    135000,
    136000,
    137000,
    138000,
    139000,
    140000,
    141000,
    142000,
    143000,
    144000,
    145000,
    146000,
    147000,
    148000,
    149000,
    150000
  ],
  "train_loss": [
    0.05362601950764656,
    0.05348542332649231,
    0.08002815395593643,
    0.07808124274015427,
    0.06282395124435425,
    0.06348668038845062,
    0.07144975662231445,
    0.07966184616088867,
    0.7500268816947937,
    0.04586029797792435,
    0.018295755609869957,
    0.031249113380908966,
    0.7730928659439087,
    4.006165504455566,
    0.040305089205503464,
    0.028010252863168716,
    0.028225628659129143,
    2.394435167312622,
    0.031753428280353546,
    0.033695053309202194,
    0.020732546225190163,
    0.025795787572860718,
    1.2335100173950195,
    0.026806043460965157,
    0.028909627348184586,
    0.02333611436188221,
    0.030363351106643677,
    4.245840549468994,
    0.03681913763284683,
    0.09436178207397461,
    0.034618690609931946,
    0.18232597410678864,
    0.028606774285435677,
    0.0627003014087677,
    0.03263173997402191,
    0.028271399438381195,
    0.026764022186398506,
    0.02480527013540268,
    1.1622833013534546,
    0.21496835350990295,
    0.037933167070150375,
    0.03698059171438217,
    0.03503766283392906,
    0.025070548057556152,
    0.03478555008769035,
    0.021391725167632103,
    0.16426585614681244,
    0.05418645963072777,
    0.032950494438409805,
    0.05118858814239502,
    0.029271600767970085,
    0.040937796235084534,
    0.018961509689688683,
    0.04645732045173645,
    0.0461900532245636,
    0.04153141751885414,
    0.04018976166844368,
    0.037556588649749756,
    0.043822892010211945,
    4.5471343994140625,
    0.8190786838531494,
    0.030756141990423203,
    0.031498122960329056,
    0.02853197231888771,
    0.04116298258304596,
    0.058953657746315,
    0.08572747558355331,
    0.03742365539073944,
    0.6196067929267883,
    0.021833892911672592,
    0.033334970474243164,
    4.564935207366943,
    4.307962894439697,
    1.1338772773742676,
    0.0849367156624794,
    0.0675799697637558,
    4.1920576095581055,
    0.06354320049285889,
    1.2423386573791504,
    0.05271688103675842,
    0.04158766195178032,
    0.015415376983582973,
    0.035281237214803696,
    4.355117321014404,
    0.27122530341148376,
    1.0204362869262695,
    0.04464462399482727,
    0.046000897884368896,
    0.026304403319954872,
    2.929258346557617,
    0.022614341229200363,
    0.025844557210803032,
    0.02823519892990589,
    0.03495008125901222,
    0.021806323900818825,
    0.024030348286032677,
    0.02659997157752514,
    0.02490115538239479,
    0.15294724702835083,
    0.028664449229836464,
    0.01777910441160202,
    3.322225332260132,
    0.02496134303510189,
    0.03175516426563263,
    0.03337413817644119,
    0.024462763220071793,
    0.022764889523386955,
    0.026238655671477318,
    0.019820110872387886,
    2.753164768218994,
    1.4048542976379395,
    0.024524729698896408,
    0.019512839615345,
    0.024586685001850128,
    0.03755591809749603,
    0.03818601742386818,
    0.03640022128820419,
    3.8102898597717285,
    0.031848251819610596,
    0.026194699108600616,
    0.02489447593688965,
    0.02773573063313961,
    0.008099948987364769,
    1.4691355228424072,
    0.0788784995675087,
    0.07333394885063171,
    0.0442032665014267,
    0.03426964208483696,
    4.522065162658691,
    0.8270185589790344,
    0.23287521302700043,
    1.2330154180526733,
    0.07967111468315125,
    0.07722596824169159,
    0.33843424916267395,
    0.057734038680791855,
    0.10626634955406189,
    0.044975489377975464,
    0.0601649284362793,
    0.8412603139877319,
    0.05523320659995079,
    0.046551208943128586,
    0.3703013062477112,
    0.059911951422691345,
    0.046189941465854645,
    0.03507078438997269,
    0.05577044561505318,
    3.756967067718506,
    0.10147499293088913,
    0.11241869628429413
  ],
  "train_acc": [
    1.0,
    1.0,
    1.0,
    1.0,
    1.0,
    1.0,
    1.0,
    1.0,
    0.9048480463096961,
    1.0,
    1.0,
    1.0,
    0.8997829232995659,
    0.04377713458755427,
    1.0,
    1.0,
    1.0,
    0.29088277858176553,
    1.0,
    1.0,
    1.0,
    1.0,
    0.7644717800289436,
    1.0,
    1.0,
    1.0,
    1.0,
    0.04630969609261939,
    1.0,
    1.0,
    1.0,
    0.9924023154848046,
    1.0,
    1.0,
    1.0,
    1.0,
    1.0,
    1.0,
    0.7807525325615051,
    0.98589001447178,
    1.0,
    1.0,
    1.0,
    1.0,
    1.0,
    1.0,
    0.9811866859623734,
    1.0,
    1.0,
    1.0,
    1.0,
    1.0,
    1.0,
    1.0,
    1.0,
    1.0,
    1.0,
    1.0,
    1.0,
    0.015918958031837915,
    0.9319826338639653,
    1.0,
    1.0,
    1.0,
    1.0,
    1.0,
    1.0,
    1.0,
    0.9573082489146165,
    1.0,
    1.0,
    0.015918958031837915,
    0.04703328509406657,
    0.7800289435600579,
    1.0,
    1.0,
    0.0694645441389291,
    1.0,
    0.8342981186685963,
    1.0,
    1.0,
    1.0,
    1.0,
    0.0394356005788712,
    0.9992764109985528,
    0.8498552821997105,
    1.0,
    1.0,
    1.0,
    0.34949348769898697,
    1.0,
    1.0,
    1.0,
    1.0,
    1.0,
    1.0,
    1.0,
    1.0,
    0.9902315484804631,
    1.0,
    1.0,
    0.2203328509406657,
    1.0,
    1.0,
    1.0,
    1.0,
    1.0,
    1.0,
    1.0,
    0.8386396526772794,
    0.7217800289435601,
    1.0,
    1.0,
    1.0,
    1.0,
    1.0,
    1.0,
    0.1508683068017366,
    1.0,
    1.0,
    1.0,
    1.0,
    1.0,
    0.6512301013024602,
    1.0,
    1.0,
    1.0,
    1.0,
    0.020622286541244574,
    0.7865412445730825,
    0.9913169319826338,
    0.7749638205499276,
    1.0,
    0.9996382054992764,
    0.9869753979739508,
    1.0,
    1.0,
    1.0,
    1.0,
    0.9652677279305355,
    1.0,
    1.0,
    0.9992764109985528,
    1.0,
    1.0,
    1.0,
    1.0,
    0.09044862518089725,
    0.9996382054992764,
    0.9992764109985528
  ],