{
  "steps": [
    1000,
    2000,
    3000,
    4000,
    5000,
    6000,
    7000,
    8000,
    9000,
    10000,
    11000,
    12000,
    13000,
    14000,
    15000,
    16000,
    17000,
    18000,
    19000,
    20000,
    21000,
    22000,
    23000,
    24000,
    25000,
    26000,
    27000,
    28000,
    29000,
    30000,
    31000,
    32000,
    33000,
    34000,
    35000,
    36000,
    37000,
    38000,
    39000,
    40000,
    41000,
    42000,
    43000,
    44000,
    45000,
    46000,
    47000,
    48000,
    49000,
    50000,
    51000,
    52000,
    53000,
    54000,
    55000,
    56000,
    57000,
    58000,
    59000,
    60000,
    61000,
    62000,
    63000,
    64000,
    65000,
    66000,
    67000,
    68000,
    69000,
    70000,
    71000,
    72000,
    73000,
    74000,
    75000,
    76000,
    77000,
    78000,
    79000,
    80000,
    81000,
    82000,
    83000,
    84000,
    85000,
    86000,
    87000,
    88000,
    89000,
    90000,
    91000,
    92000,
    93000,
    94000,
    95000,
    96000,
    97000,
    98000,
    99000,
    100000,
    101000,
    102000,
    103000,
    104000,
    105000,
    106000,
    107000,
    108000,
    109000,
    110000,
    111000,
    112000,
    113000,
    114000,
    115000,
    116000,
    117000,
    118000,
    119000,
    120000,
    121000,
    122000,
    123000,
    124000,
    125000,
    126000,
    127000,
    128000,
    129000,
    130000,
    131000,
    132000,
    133000,
    134000,
    135000,
    136000,
    137000,
    138000,
    139000,
    140000,
    141000,
    142000,
    143000,
    144000,
    145000,
    146000,
    147000,
    148000,
    149000,
    150000
  ],
  "activation_sparsity": [
    0.10215703464042157,
    0.12634890344079355,
    0.1865930622287663,
    0.38797683857718535,
    0.6411614131277124,
    0.732854153750775,
    0.768543184283943,
    0.7703171012864228,
    0.7423606536732796,
    0.7259086329820211,
    0.714688759299442,
    0.6875096869187849,
    0.5956764859733416,
    0.687944387399256,
    0.708462492250465,
    0.7047063894916304,
    0.7032824124302541,
    0.7209792021853689,
    0.6832801360043398,
    0.714809845784253,
    0.6851606091134532,
    0.6514150166615003,
    0.6557160086019839,
    0.6542847663515189,
    0.5740068486515809,
    0.6600327417854929,
    0.6806101790142591,
    0.7549693893366398,
    0.7743734985275883,
    0.8044973942188469,
    0.6953573019993801,
    0.5013089449008059,
    0.6912524701642901,
    0.6957968459392436,
    0.6466115158090514,
    0.617576187616243,
    0.6733570985740855,
    0.682794579200248,
    0.7654942265964042,
    0.7831571121357719,
    0.7931225298357099,
    0.716575286732796,
    0.620816461949783,
    0.6284897124922505,
    0.6140501491785493,
    0.66282015266584,
    0.7239942556571606,
    0.7336726983880967,
    0.7642034446683199,
    0.7458200945443273,
    0.6583774895381277,
    0.6916435795102294,
    0.6371897764259145,
    0.676591318583385,
    0.6429159562926224,
    0.6452662449628023,
    0.6266128719776813,
    0.6797698388096715,
    0.7183225647086174,
    0.7571186744420335,
    0.7370570656385617,
    0.7289382168319901,
    0.5839565251084935,
    0.5373745544017359,
    0.6169186880037197,
    0.7125927522473652,
    0.6993458908090514,
    0.6487838073465592,
    0.575651203115313,
    0.6278249476906386,
    0.6699049228921264,
    0.6733474116553007,
    0.701949250232486,
    0.7173659814786113,
    0.6283553064941103,
    0.7731335729231246,
    0.6857987348884067,
    0.7356318777123373,
    0.7296744226596404,
    0.6733704180874147,
    0.6802832455052696,
    0.5114329858958463,
    0.5112574104928704,
    0.5831597760384377,
    0.5651324201797893,
    0.6131068854618723,
    0.7262706815716057,
    0.7356669927929325,
    0.7629659407935524,
    0.7294455692033478,
    0.5293089836484811,
    0.5270918901115933,
    0.4062487891351519,
    0.6440783865468072,
    0.7378780320055797,
    0.7300631102758834,
    0.718206321683199,
    0.576205779215747,
    0.610895846249225,
    0.6534904390111593,
    0.6534105219311841,
    0.6727322923124612,
    0.5468774217296962,
    0.7045429227371358,
    0.6978964855858648,
    0.7427784020458772,
    0.6738692944048357,
    0.6212305777278363,
    0.6091340378952262,
    0.7148631238375698,
    0.7094045451022939,
    0.685657063701178,
    0.6308630075945443,
    0.6040387186143832,
    0.6234827863453193,
    0.6192641332145071,
    0.5522294443583385,
    0.6036887786732796,
    0.6027103998760074,
    0.6702306455362679,
    0.701638057966522,
    0.6276542157470552,
    0.6939805486670799,
    0.7312969815561067,
    0.5839359404060757,
    0.5885214855858648,
    0.5582450209237446,
    0.6449889569125853,
    0.7063725395226287,
    0.7036045024798512,
    0.7568970861748295,
    0.6552607234190948,
    0.6086412159020459,
    0.6244284717916925,
    0.669699075867948,
    0.6344181067885927,
    0.5938541343769373,
    0.7037449628022319,
    0.5908257613918165,
    0.6410863395071296,
    0.7309627828580285,
    0.7106626336794792,
    0.6677483725976442,
    0.6480572884376937,
    0.6662020981866088,
    0.6210901174054557,
    0.661421603766274,
    0.668935020148791,
    0.6673681610353379,
    0.6597227603843769
  ],