{
  "grokking_step": 9000,
  "before_step": 7000,
  "after_step": 14000,
  "before": {
    "b0": 500,
    "b0_max_persistence": 7.896892070770264,
    "b1": 870,
    "b1_max_persistence": 2.298384189605713
  },
  "after": {
    "b0": 500,
    "b0_max_persistence": 9.999929428100586,
    "b1": 179,
    "b1_max_persistence": 1.9636850357055664
  }
}