{
  "steps": [
    1000,
    2000,
    3000,
    4000,
    5000,
    6000,
    7000,
    8000,
    9000,
    10000,
    11000,
    12000,
    13000,
    14000,
    15000,
    16000,
    17000,
    18000,
    19000,
    20000,
    21000,
    22000,
    23000,
    24000,
    25000,
    26000,
    27000,
    28000,
    29000,
    30000,
    31000,
    32000,
    33000,
    34000,
    35000,
    36000,
    37000,
    38000,
    39000,
    40000,
    41000,
    42000,
    43000,
    44000,
    45000,
    46000,
    47000,
    48000,
    49000,
    50000,
    51000,
    52000,
    53000,
    54000,
    55000,
    56000,
    57000,
    58000,
    59000,
    60000,
    61000,
    62000,
    63000,
    64000,
    65000,
    66000,
    67000,
    68000,
    69000,
    70000,
    71000,
    72000,
    73000,
    74000,
    75000,
    76000,
    77000,
    78000,
    79000,
    80000,
    81000,
    82000,
    83000,
    84000,
    85000,
    86000,
    87000,
    88000,
    89000,
    90000,
    91000,
    92000,
    93000,
    94000,
    95000,
    96000,
    97000,
    98000,
    99000,
    100000,
    101000,
    102000,
    103000,
    104000,
    105000,
    106000,
    107000,
    108000,
    109000,
    110000,
    111000,
    112000,
    113000,
    114000,
    115000,
    116000,
    117000,
    118000,
    119000,
    120000,
    121000,
    122000,
    123000,
    124000,
    125000,
    126000,
    127000,
    128000,
    129000,
    130000,
    131000,
    132000,
    133000,
    134000,
    135000,
    136000,
    137000,
    138000,
    139000,
    140000,
    141000,
    142000,
    143000,
    144000,
    145000,
    146000,
    147000,
    148000,
    149000,
    150000
  ],
  "train_loss": [
    0.05721504986286163,
    0.049283020198345184,
    0.06861098110675812,
    0.05723413825035095,
    0.05884469673037529,
    0.0857904925942421,
    0.07356919348239899,
    0.07258743792772293,
    0.0724223181605339,
    0.04392983391880989,
    4.552814483642578,
    4.526920318603516,
    0.04876391217112541,
    0.04308190941810608,
    0.03706736117601395,
    0.03283946216106415,
    1.0905052423477173,
    0.026780378073453903,
    0.02859627828001976,
    0.026943907141685486,
    0.02836424484848976,
    0.02476298250257969,
    0.020730385556817055,
    0.03256035968661308,
    4.561740398406982,
    0.036216575652360916,
    0.033956870436668396,
    0.03202799707651138,
    0.024901870638132095,
    0.028207916766405106,
    4.549325942993164,
    1.2801474332809448,
    0.07088987529277802,
    0.09768640995025635,
    0.06516134738922119,
    4.052857875823975,
    0.045272186398506165,
    0.0308387354016304,
    0.027950705960392952,
    0.14256910979747772,
    0.03205226734280586,
    0.022313272580504417,
    0.1544431746006012,
    0.10895518958568573,
    0.03410331904888153,
    0.02322799526154995,
    0.02459239959716797,
    0.02492963708937168,
    0.020276140421628952,
    0.020804114639759064,
    0.028801698237657547,
    4.442229747772217,
    0.021025432273745537,
    0.02369610406458378,
    0.031499095261096954,
    0.02967250347137451,
    0.03284815326333046,
    0.02949640154838562,
    0.015994923189282417,
    0.02378157153725624,
    0.025269290432333946,
    0.02717706374824047,
    3.8041491508483887,
    0.02656974084675312,
    0.027251234278082848,
    0.018670592457056046,
    0.026679469272494316,
    3.3482542037963867,
    0.053516093641519547,
    0.030594516545534134,
    0.030295781791210175,
    0.030685076490044594,
    0.016849344596266747,
    0.030358964577317238,
    0.03672480583190918,
    0.026909705251455307,
    0.08619838207960129,
    0.028174420818686485,
    0.023247776553034782,
    0.025542041286826134,
    2.3801491260528564,
    0.1449020653963089,
    0.045061346143484116,
    0.034201424568891525,
    0.03316056355834007,
    0.02847304195165634,
    0.030474435538053513,
    0.01899552345275879,
    0.028475018218159676,
    0.023776965215802193,
    0.04099831357598305,
    0.02600330114364624,
    4.615780830383301,
    0.8426266312599182,
    0.04391681030392647,
    0.037554781883955,
    1.9331327676773071,
    0.1914799064397812,
    0.07988666743040085,
    0.0584975965321064,
    0.04269625246524811,
    0.05784311518073082,
    1.0023260116577148,
    0.06185058504343033,
    0.041693225502967834,
    0.05830518528819084,
    0.05006298050284386,
    4.488344192504883,
    1.7944823503494263,
    0.04194120317697525,
    0.047250326722860336,
    0.036368388682603836,
    0.08010601997375488,
    0.3081035912036896,
    0.0484359972178936,
    0.05281977728009224,
    0.3390645682811737,
    0.04052691534161568,
    0.04355473071336746,
    0.0490899495780468,
    0.04231414571404457,
    0.040611136704683304,
    0.09608664363622665,
    0.01765500009059906,
    0.6812135577201843,
    0.05589372664690018,
    3.2800967693328857,
    0.043795764446258545,
    4.542524337768555,
    0.039850085973739624,
    0.03529353067278862,
    3.5130090713500977,
    0.15394647419452667,
    0.24954670667648315,
    0.03476336598396301,
    0.040080901235342026,
    4.551458358764648,
    0.053463369607925415,
    0.04863697662949562,
    0.042411159723997116,
    0.03756076097488403,
    4.523200035095215,
    0.12532134354114532,
    1.3113223314285278,
    0.054058901965618134,
    0.1325124055147171,
    0.036806635558605194,
    0.028175856918096542,
    0.03635106235742569,
    0.0433037094771862
  ],
  "train_acc": [
    1.0,
    1.0,
    1.0,
    1.0,
    1.0,
    1.0,
    1.0,
    1.0,
    1.0,
    1.0,
    0.020260492040520984,
    0.014109985528219971,
    1.0,
    1.0,
    1.0,
    1.0,
    0.7586830680173662,
    1.0,
    1.0,
    1.0,
    1.0,
    1.0,
    1.0,
    1.0,
    0.012662807525325614,
    1.0,
    1.0,
    1.0,
    1.0,
    1.0,
    0.014109985528219971,
    0.7304630969609262,
    1.0,
    1.0,
    1.0,
    0.04232995658465991,
    1.0,
    1.0,
    1.0,
    0.9989146164978292,
    1.0,
    1.0,
    1.0,
    1.0,
    1.0,
    1.0,
    1.0,
    1.0,
    1.0,
    1.0,
    1.0,
    0.03545586107091172,
    1.0,
    1.0,
    1.0,
    1.0,
    1.0,
    1.0,
    1.0,
    1.0,
    1.0,
    1.0,
    0.04232995658465991,
    1.0,
    1.0,
    1.0,
    1.0,
    0.13024602026049203,
    1.0,
    1.0,
    1.0,
    1.0,
    1.0,
    1.0,
    1.0,
    1.0,
    1.0,
    1.0,
    1.0,
    1.0,
    0.3299565846599132,
    0.9945730824891461,
    1.0,
    1.0,
    1.0,
    1.0,
    1.0,
    1.0,
    1.0,
    1.0,
    1.0,
    1.0,
    0.015918958031837915,
    0.869753979739508,
    1.0,
    1.0,
    0.3252532561505065,
    0.9898697539797395,
    1.0,
    1.0,
    1.0,
    1.0,
    0.6823444283646889,
    1.0,
    1.0,
    1.0,
    1.0,
    0.033646888567293774,
    0.6776410998552822,
    1.0,
    1.0,
    1.0,
    1.0,
    0.998191027496382,
    1.0,
    1.0,
    0.9971056439942113,
    1.0,
    1.0,
    1.0,
    1.0,
    1.0,
    1.0,
    1.0,
    0.9916787264833574,
    1.0,
    0.17474674384949349,
    1.0,
    0.017004341534008684,
    1.0,
    1.0,
    0.18885672937771347,
    1.0,
    1.0,
    1.0,
    1.0,
    0.014109985528219971,
    1.0,
    1.0,
    1.0,
    1.0,
    0.023154848046309694,
    1.0,
    0.816931982633864,
    1.0,
    1.0,
    1.0,
    1.0,
    1.0,
    1.0
  ],