{
  "seed": 1002,
  "operation": "multiplication",
  "steps": [
    1000,
    2000,
    3000,
    4000,
    5000,
    6000,
    7000,
    8000,
    9000,
    10000,
    11000,
    12000,
    13000,
    14000,
    15000,
    16000,
    17000,
    18000,
    19000,
    20000,
    21000,
    22000,
    23000,
    24000,
    25000,
    26000,
    27000,
    28000,
    29000,
    30000,
    31000,
    32000,
    33000,
    34000,
    35000,
    36000,
    37000,
    38000,
    39000,
    40000,
    41000,
    42000,
    43000,
    44000,
    45000,
    46000,
    47000,
    48000,
    49000,
    50000,
    51000,
    52000,
    53000,
    54000,
    55000,
    56000,
    57000,
    58000,
    59000,
    60000,
    61000,
    62000,
    63000,
    64000,
    65000,
    66000,
    67000,
    68000,
    69000,
    70000,
    71000,
    72000,
    73000,
    74000,
    75000,
    76000,
    77000,
    78000,
    79000,
    80000,
    81000,
    82000,
    83000,
    84000,
    85000,
    86000,
    87000,
    88000,
    89000,
    90000,
    91000,
    92000,
    93000,
    94000,
    95000,
    96000,
    97000,
    98000,
    99000,
    100000,
    101000,
    102000,
    103000,
    104000,
    105000,
    106000,
    107000,
    108000,
    109000,
    110000,
    111000,
    112000,
    113000,
    114000,
    115000,
    116000,
    117000,
    118000,
    119000,
    120000,
    121000,
    122000,
    123000,
    124000,
    125000,
    126000,
    127000,
    128000,
    129000,
    130000,
    131000,
    132000,
    133000,
    134000,
    135000,
    136000,
    137000,
    138000,
    139000,
    140000,
    141000,
    142000,
    143000,
    144000,
    145000,
    146000,
    147000,
    148000,
    149000,
    150000
  ],
  "train_loss": [
    0.07609036564826965,
    0.07411768287420273,
    0.08984167128801346,
    0.07043896615505219,
    0.0618087574839592,
    0.07075837254524231,
    0.07209084182977676,
    0.07186427712440491,
    4.570247650146484,
    0.09740011394023895,
    0.03843959420919418,
    0.03817995265126228,
    0.04131387919187546,
    0.028702452778816223,
    0.025972461327910423,
    0.03766865283250809,
    4.549101829528809,
    2.456645965576172,
    0.961064875125885,
    0.11370421200990677,
    0.025631893426179886,
    0.01200378779321909,
    1.0055392980575562,
    0.0359368622303009,
    4.544421195983887,
    0.9946470856666565,
    0.11366493254899979,
    0.06040279194712639,
    0.10454808920621872,
    0.04713152348995209,
    4.979216575622559,
    1.6896518468856812,
    0.9135811924934387,
    0.04219277948141098,
    0.030292212963104248,
    0.03837985545396805,
    2.580275535583496,
    4.523691177368164,
    4.3531413078308105,
    0.034911587834358215,
    0.039926182478666306,
    0.03945096954703331,
    0.031018441542983055,
    0.04610436409711838,
    0.5543359518051147,
    1.6357481479644775,
    0.04355600103735924,
    0.038639768958091736,
    0.5011764168739319,
    0.08358786255121231,
    0.24052217602729797,
    0.05814255028963089,
    0.04927118867635727,
    0.03286328166723251,
    0.03349433094263077,
    0.15940971672534943,
    0.04520125314593315,
    0.03621713072061539,
    4.439601421356201,
    0.5810037851333618,
    0.3091064691543579,
    0.12474475800991058,
    0.0947190374135971,
    0.07260195910930634,
    0.0953354761004448,
    3.7062342166900635,
    0.03611523285508156,
    0.030152788385748863,
    0.032415151596069336,
    0.027472926303744316,
    0.024545490741729736,
    4.389244556427002,
    0.03014083206653595,
    0.03051641769707203,
    4.5304274559021,
    1.0581324100494385,
    0.05599343776702881,
    0.06919258087873459,
    0.10618731379508972,
    0.05631892383098602,
    0.046953435987234116,
    0.03850788623094559,
    4.550811767578125,
    0.024464508518576622,
    0.04397663474082947,
    0.042576417326927185,
    0.0662255510687828,
    1.8592053651809692,
    0.06280887871980667,
    0.03879552334547043,
    0.06567790359258652,
    0.04593290016055107,
    0.044183652848005295,
    0.044606294482946396,
    0.03649695962667465,
    1.7175891399383545,
    0.04765782132744789,
    0.031655453145504,
    0.050650522112846375,
    1.1880664825439453,
    0.03614912927150726,
    4.364508152008057,
    0.031283121556043625,
    0.024381328374147415,
    0.04328830540180206,
    0.031727325171232224,
    0.045115258544683456,
    0.4017014503479004,
    0.05567091330885887,
    1.2351205348968506,
    0.04320074990391731,
    4.555663585662842,
    1.089492678642273,
    0.09906138479709625,
    0.10438385605812073,
    0.07165863364934921,
    0.06355658173561096,
    0.04691019281744957,
    0.03866113722324371,
    0.030948475003242493,
    3.2828567028045654,
    0.03210900351405144,
    0.041674740612506866,
    0.037149712443351746,
    0.03295799344778061,
    0.05166468024253845,
    0.030422396957874298,
    0.04038659483194351,
    0.03493192791938782,
    0.027626007795333862,
    0.02371249906718731,
    0.028715942054986954,
    1.1544952392578125,
    0.22398008406162262,
    0.03392447158694267,
    0.031721290200948715,
    0.028499770909547806,
    0.03843343257904053,
    4.541176795959473,
    0.11581230163574219,
    0.0669679194688797,
    0.21950039267539978,
    0.04099687561392784,
    3.5311615467071533,
    0.037077561020851135,
    0.305774986743927,
    0.04293206334114075,
    0.07434491813182831,
    0.19525058567523956,
    0.16249921917915344
  ],
  "train_acc": [
    1.0,
    1.0,
    1.0,
    1.0,
    1.0,
    1.0,
    1.0,
    1.0,
    0.012301013024602027,
    0.998191027496382,
    1.0,
    1.0,
    1.0,
    1.0,
    1.0,
    1.0,
    0.014109985528219971,
    0.3310419681620839,
    0.8563675832127352,
    1.0,
    1.0,
    1.0,
    0.7612156295224313,
    1.0,
    0.014833574529667149,
    0.8216353111432706,
    0.9996382054992764,
    0.9996382054992764,
    0.9985528219971056,
    1.0,
    0.308972503617945,
    0.585383502170767,
    0.886396526772793,
    1.0,
    1.0,
    1.0,
    0.2503617945007236,
    0.015557163531114327,
    0.060781476121562955,
    1.0,
    1.0,
    1.0,
    1.0,
    0.8835021707670043,
    0.9591172214182344,
    0.6114327062228654,
    1.0,
    1.0,
    0.973589001447178,
    1.0,
    1.0,
    1.0,
    1.0,
    1.0,
    1.0,
    1.0,
    1.0,
    1.0,
    0.03473227206946455,
    0.9142547033285094,
    0.9526049204052098,
    0.9989146164978292,
    0.9996382054992764,
    1.0,
    1.0,
    0.10781476121562952,
    1.0,
    1.0,
    1.0,
    1.0,
    1.0,
    0.03835021707670044,
    1.0,
    1.0,
    0.014833574529667149,
    0.8024602026049205,
    1.0,
    1.0,
    1.0,
    1.0,
    1.0,
    1.0,
    0.015918958031837915,
    1.0,
    1.0,
    1.0,
    1.0,
    0.36903039073806077,
    1.0,
    1.0,
    1.0,
    1.0,
    1.0,
    1.0,
    1.0,
    0.07018813314037627,
    1.0,
    1.0,
    1.0,
    0.7691751085383502,
    1.0,
    0.07633863965267727,
    1.0,
    1.0,
    1.0,
    1.0,
    1.0,
    0.9916787264833574,
    1.0,
    0.6783646888567294,
    1.0,
    0.014833574529667149,
    0.6476121562952243,
    1.0,
    1.0,
    1.0,
    1.0,
    1.0,
    1.0,
    1.0,
    0.16353111432706222,
    1.0,
    1.0,
    1.0,
    1.0,
    1.0,
    1.0,
    1.0,
    1.0,
    1.0,
    1.0,
    1.0,
    0.6877713458755427,
    1.0,
    1.0,
    1.0,
    1.0,
    1.0,
    0.01447178002894356,
    0.9931259044862518,
    1.0,
    0.9801013024602026,
    1.0,
    0.14327062228654125,
    1.0,
    0.9616497829232996,
    1.0,
    1.0,
    1.0,
    0.9996382054992764
  ],