{
  "seed": 1003,
  "steps": [
    1000,
    2000,
    3000,
    4000,
    5000,
    6000,
    7000,
    8000,
    9000,
    10000,
    11000,
    12000,
    13000,
    14000,
    15000,
    16000,
    17000,
    18000,
    19000,
    20000,
    21000,
    22000,
    23000,
    24000,
    25000,
    26000,
    27000,
    28000,
    29000,
    30000,
    31000,
    32000,
    33000,
    34000,
    35000,
    36000,
    37000,
    38000,
    39000,
    40000,
    41000,
    42000,
    43000,
    44000,
    45000,
    46000,
    47000,
    48000,
    49000,
    50000,
    51000,
    52000,
    53000,
    54000,
    55000,
    56000,
    57000,
    58000,
    59000,
    60000,
    61000,
    62000,
    63000,
    64000,
    65000,
    66000,
    67000,
    68000,
    69000,
    70000,
    71000,
    72000,
    73000,
    74000,
    75000,
    76000,
    77000,
    78000,
    79000,
    80000,
    81000,
    82000,
    83000,
    84000,
    85000,
    86000,
    87000,
    88000,
    89000,
    90000,
    91000,
    92000,
    93000,
    94000,
    95000,
    96000,
    97000,
    98000,
    99000,
    100000,
    101000,
    102000,
    103000,
    104000,
    105000,
    106000,
    107000,
    108000,
    109000,
    110000,
    111000,
    112000,
    113000,
    114000,
    115000,
    116000,
    117000,
    118000,
    119000,
    120000,
    121000,
    122000,
    123000,
    124000,
    125000,
    126000,
    127000,
    128000,
    129000,
    130000,
    131000,
    132000,
    133000,
    134000,
    135000,
    136000,
    137000,
    138000,
    139000,
    140000,
    141000,
    142000,
    143000,
    144000,
    145000,
    146000,
    147000,
    148000,
    149000,
    150000
  ],
  "train_loss": [
    1.0153416395187378,
    2.3501524925231934,
    0.0546550378203392,
    0.19992472231388092,
    0.060090579092502594,
    0.06287124007940292,
    0.06749604642391205,
    0.07617388665676117,
    0.03839430585503578,
    4.555405139923096,
    1.1913143396377563,
    0.03424127399921417,
    0.04549936205148697,
    0.1758512556552887,
    0.026089271530508995,
    0.04046178609132767,
    0.036038029938936234,
    0.034425199031829834,
    0.04755041003227234,
    0.036660823971033096,
    0.06731844693422318,
    4.53631591796875,
    0.03892217203974724,
    0.031705211848020554,
    0.03165397793054581,
    0.033183496445417404,
    0.03219000995159149,
    0.03275567293167114,
    0.020083636045455933,
    4.569249629974365,
    0.024113057181239128,
    0.04421057179570198,
    0.5940907001495361,
    0.055485449731349945,
    0.03737351670861244,
    0.027776479721069336,
    0.02941344678401947,
    0.028524557128548622,
    0.020291119813919067,
    0.0318104512989521,
    0.025314392521977425,
    0.040723878890275955,
    0.034679707139730453,
    4.543890476226807,
    3.2279374599456787,
    0.03410734981298447,
    4.202609539031982,
    0.026872053742408752,
    0.02868202142417431,
    4.241549968719482,
    0.02977263182401657,
    0.022479502484202385,
    0.01631106063723564,
    0.024086162447929382,
    0.022900301963090897,
    0.019951120018959045,
    0.029088489711284637,
    0.025275465101003647,
    0.018718866631388664,
    4.369091987609863,
    0.027476409450173378,
    4.126375198364258,
    0.37469932436943054,
    0.13431930541992188,
    0.09463650733232498,
    0.2593003213405609,
    0.05768731236457825,
    0.28195303678512573,
    3.5985758304595947,
    0.041190896183252335,
    0.08935464918613434,
    0.04580797627568245,
    0.037963420152664185,
    0.04285014793276787,
    3.0799849033355713,
    4.312706470489502,
    0.0223969966173172,
    3.273893356323242,
    0.02945505827665329,
    0.22022104263305664,
    0.05407208204269409,
    0.39580076932907104,
    0.4711858332157135,
    0.09633161872625351,
    0.05195284262299538,
    0.04581074416637421,
    0.04593021422624588,
    4.514629364013672,
    0.05083988234400749,
    0.8912299871444702,
    0.04465170204639435,
    0.5170925259590149,
    0.4853089153766632,
    0.05249285325407982,
    0.04913106933236122,
    0.047102026641368866,
    0.05424097552895546,
    0.04992087185382843,
    0.047636982053518295,
    0.1395607739686966,
    0.04853098839521408,
    0.0357847735285759,
    0.04193742573261261,
    0.6799452304840088,
    0.0457487553358078,
    0.03641454130411148,
    0.035473547875881195,
    4.580496788024902,
    0.17007027566432953,
    0.4362027049064636,
    0.04860301688313484,
    0.055372219532728195,
    0.20329007506370544,
    0.04769967496395111,
    2.551452875137329,
    1.7572753429412842,
    0.055911652743816376,
    0.05808916687965393,
    4.578684329986572,
    0.8491904139518738,
    1.4886375665664673,
    0.05317007750272751,
    0.054453294724226,
    0.3203778564929962,
    0.047411222010850906,
    0.04873828589916229,
    0.06027459353208542,
    0.08022794872522354,
    0.1026756763458252,
    0.27926746010780334,
    0.07043340802192688,
    0.06564325839281082,
    0.0494115874171257,
    0.04477042704820633,
    0.04841972142457962,
    0.039662595838308334,
    0.04299967736005783,
    0.040887631475925446,
    0.04412495717406273,
    0.03961880877614021,
    0.40360593795776367,
    0.04223020002245903,
    4.480031967163086,
    1.4119691848754883,
    0.5235146284103394,
    0.42589443922042847,
    0.04244288429617882,
    0.5738080143928528,
    0.04339270666241646,
    0.040550023317337036
  ],
  "train_acc": [
    0.9323175053153792,
    0.498582565556343,
    1.0,
    1.0,
    1.0,
    1.0,
    1.0,
    1.0,
    1.0,
    0.014883061658398299,
    0.7625797306874557,
    1.0,
    1.0,
    1.0,
    1.0,
    1.0,
    1.0,
    1.0,
    1.0,
    1.0,
    1.0,
    0.013465627214741318,
    1.0,
    1.0,
    1.0,
    1.0,
    1.0,
    1.0,
    1.0,
    0.025159461374911412,
    1.0,
    1.0,
    0.9372785258681786,
    1.0,
    1.0,
    1.0,
    1.0,
    1.0,
    1.0,
    1.0,
    1.0,
    1.0,
    1.0,
    0.014528703047484054,
    0.15485471296952516,
    1.0,
    0.029766123316796598,
    1.0,
    1.0,
    0.06378454996456413,
    1.0,
    1.0,
    1.0,
    1.0,
    1.0,
    1.0,
    1.0,
    1.0,
    1.0,
    0.04606661941885188,
    1.0,
    0.0556343019135365,
    0.9344436569808646,
    1.0,
    1.0,
    0.9879518072289156,
    1.0,
    0.9907866761162296,
    0.2012756909992913,
    1.0,
    1.0,
    1.0,
    1.0,
    1.0,
    0.32494684620836284,
    0.050318922749822824,
    1.0,
    0.1520198440822112,
    1.0,
    0.9996456413890857,
    1.0,
    0.9883061658398299,
    0.9163713678242381,
    0.9996456413890857,
    1.0,
    1.0,
    1.0,
    0.03756201275690999,
    1.0,
    0.8802267895109851,
    1.0,
    0.9510985116938342,
    0.9730687455705174,
    1.0,
    1.0,
    1.0,
    1.0,
    1.0,
    1.0,
    0.9918497519489724,
    1.0,
    1.0,
    1.0,
    0.8635719347980156,
    1.0,
    1.0,
    1.0,
    0.01559177888022679,
    0.9858256555634302,
    0.9007795889440113,
    1.0,
    1.0,
    0.97413182140326,
    1.0,
    0.3841247342310418,
    0.5400425230333097,
    1.0,
    1.0,
    0.021261516654854713,
    0.8727852586817859,
    0.5425230333097094,
    1.0,
    1.0,
    0.9720056697377746,
    1.0,
    1.0,
    1.0,
    1.0,
    0.9992912827781715,
    0.9539333805811481,
    1.0,
    1.0,
    1.0,
    1.0,
    1.0,
    1.0,
    1.0,
    1.0,
    1.0,
    1.0,
    0.923458540042523,
    1.0,
    0.014883061658398299,
    0.6927710843373494,
    0.8834160170092134,
    0.9858256555634302,
    1.0,
    0.8809355067328136,
    1.0,
    1.0
  ],