{
  "seed": 1001,
  "steps": [
    1000,
    2000,
    3000,
    4000,
    5000,
    6000,
    7000,
    8000,
    9000,
    10000,
    11000,
    12000,
    13000,
    14000,
    15000,
    16000,
    17000,
    18000,
    19000,
    20000,
    21000,
    22000,
    23000,
    24000,
    25000,
    26000,
    27000,
    28000,
    29000,
    30000,
    31000,
    32000,
    33000,
    34000,
    35000,
    36000,
    37000,
    38000,
    39000,
    40000,
    41000,
    42000,
    43000,
    44000,
    45000,
    46000,
    47000,
    48000,
    49000,
    50000,
    51000,
    52000,
    53000,
    54000,
    55000,
    56000,
    57000,
    58000,
    59000,
    60000,
    61000,
    62000,
    63000,
    64000,
    65000,
    66000,
    67000,
    68000,
    69000,
    70000,
    71000,
    72000,
    73000,
    74000,
    75000,
    76000,
    77000,
    78000,
    79000,
    80000,
    81000,
    82000,
    83000,
    84000,
    85000,
    86000,
    87000,
    88000,
    89000,
    90000,
    91000,
    92000,
    93000,
    94000,
    95000,
    96000,
    97000,
    98000,
    99000,
    100000,
    101000,
    102000,
    103000,
    104000,
    105000,
    106000,
    107000,
    108000,
    109000,
    110000,
    111000,
    112000,
    113000,
    114000,
    115000,
    116000,
    117000,
    118000,
    119000,
    120000,
    121000,
    122000,
    123000,
    124000,
    125000,
    126000,
    127000,
    128000,
    129000,
    130000,
    131000,
    132000,
    133000,
    134000,
    135000,
    136000,
    137000,
    138000,
    139000,
    140000,
    141000,
    142000,
    143000,
    144000,
    145000,
    146000,
    147000,
    148000,
    149000,
    150000
  ],
  "train_loss": [
    0.055643755942583084,
    4.445428371429443,
    0.19579587876796722,
    0.6772411465644836,
    0.07018347829580307,
    4.15811014175415,
    0.09382458031177521,
    0.059200216084718704,
    0.07848578691482544,
    0.03479340299963951,
    0.05757579579949379,
    4.514573097229004,
    0.03030971996486187,
    0.028085609897971153,
    0.09361008554697037,
    0.06964895129203796,
    0.031481798738241196,
    0.01977568306028843,
    0.03334536403417587,
    2.9955315589904785,
    0.03598408401012421,
    0.030788389965891838,
    0.02696446143090725,
    0.02102305367588997,
    0.03404136374592781,
    0.030859801918268204,
    0.022455330938100815,
    0.015788568183779716,
    0.021637696772813797,
    0.02643560618162155,
    4.566956520080566,
    0.039979297667741776,
    0.02269868180155754,
    0.024267487227916718,
    0.02391403540968895,
    0.017290819436311722,
    0.014080164954066277,
    0.033720701932907104,
    0.027529891580343246,
    0.019690655171871185,
    0.02528115175664425,
    0.018777700141072273,
    0.18702520430088043,
    4.400315284729004,
    0.5762372612953186,
    0.04425489529967308,
    0.046987999230623245,
    0.03692546486854553,
    0.06725654751062393,
    0.043874338269233704,
    0.029953349381685257,
    0.027898842468857765,
    0.022141316905617714,
    0.02425948530435562,
    0.03014957159757614,
    1.806945562362671,
    0.030588528141379356,
    0.033655039966106415,
    0.022581148892641068,
    4.513296127319336,
    0.6405245065689087,
    3.8205065727233887,
    0.025433339178562164,
    0.032103098928928375,
    4.518967151641846,
    0.06316260993480682,
    0.0280775036662817,
    0.029422447085380554,
    0.01740126870572567,
    0.16405287384986877,
    0.020501989871263504,
    0.02836763858795166,
    0.018006308004260063,
    0.014089011587202549,
    0.02420027367770672,
    0.02798667922616005,
    0.02878260239958763,
    0.02869601361453533,
    0.027151858434081078,
    0.023175029084086418,
    0.03653017804026604,
    0.028726208955049515,
    0.020398594439029694,
    0.029852047562599182,
    0.10905354470014572,
    0.045642443001270294,
    0.025221796706318855,
    1.2392457723617554,
    1.4286257028579712,
    0.051703404635190964,
    0.021630041301250458,
    0.021392306312918663,
    0.5517380237579346,
    0.037820231169462204,
    0.02446683868765831,
    0.024322886019945145,
    0.02296283096075058,
    0.24281543493270874,
    0.027741029858589172,
    0.12633033096790314,
    0.028882961720228195,
    0.028868958353996277,
    0.020063243806362152,
    0.027294272556900978,
    0.02402343973517418,
    0.027793435379862785,
    0.03077295422554016,
    0.05186350643634796,
    0.030023206025362015,
    0.2795366644859314,
    0.03154585883021355,
    0.026183098554611206,
    0.02971731126308441,
    0.029531782492995262,
    0.0375060997903347,
    0.02479783445596695,
    0.08324172347784042,
    0.0289712343364954,
    0.025717323645949364,
    0.05751967430114746,
    0.013201631605625153,
    1.931881070137024,
    0.14907994866371155,
    0.09398164600133896,
    0.07308043539524078,
    0.12494245916604996,
    0.029214827343821526,
    0.04764818027615547,
    4.576054096221924,
    0.033284954726696014,
    0.035326071083545685,
    0.022265475243330002,
    0.024385761469602585,
    4.543824195861816,
    0.03296971693634987,
    4.5272040367126465,
    0.03283553570508957,
    0.14404134452342987,
    0.02997884526848793,
    0.03393348678946495,
    4.551761627197266,
    0.0316951684653759,
    0.23525503277778625,
    0.036714572459459305,
    0.040231212973594666,
    0.033400364220142365,
    4.53175163269043,
    5.6360015869140625,
    0.033105190843343735,
    0.03168817237019539
  ],
  "train_acc": [
    1.0,
    0.16654854712969525,
    1.0,
    0.9571226080793763,
    1.0,
    0.10878809355067329,
    1.0,
    1.0,
    1.0,
    1.0,
    1.0,
    0.01913536498936924,
    1.0,
    1.0,
    1.0,
    1.0,
    1.0,
    1.0,
    1.0,
    0.1693834160170092,
    1.0,
    1.0,
    1.0,
    1.0,
    1.0,
    1.0,
    1.0,
    1.0,
    1.0,
    1.0,
    0.014528703047484054,
    1.0,
    1.0,
    1.0,
    1.0,
    1.0,
    1.0,
    1.0,
    1.0,
    1.0,
    1.0,
    1.0,
    0.9989369241672572,
    0.028703047484053862,
    0.9546420978029766,
    1.0,
    1.0,
    1.0,
    1.0,
    1.0,
    1.0,
    1.0,
    1.0,
    1.0,
    1.0,
    0.592487597448618,
    1.0,
    1.0,
    1.0,
    0.026931254429482635,
    0.9486180014174345,
    0.09780297661233169,
    1.0,
    1.0,
    0.020907158043940468,
    1.0,
    1.0,
    1.0,
    1.0,
    0.9982282069454288,
    1.0,
    1.0,
    1.0,
    1.0,
    1.0,
    1.0,
    1.0,
    1.0,
    1.0,
    1.0,
    1.0,
    1.0,
    1.0,
    1.0,
    1.0,
    1.0,
    1.0,
    0.7909284195605953,
    0.6562721474131822,
    1.0,
    1.0,
    1.0,
    0.9344436569808646,
    1.0,
    1.0,
    1.0,
    1.0,
    0.97413182140326,
    1.0,
    0.9957476966690291,
    1.0,
    1.0,
    1.0,
    1.0,
    1.0,
    1.0,
    1.0,
    1.0,
    1.0,
    0.9950389794472005,
    1.0,
    1.0,
    1.0,
    1.0,
    1.0,
    1.0,
    1.0,
    1.0,
    1.0,
    1.0,
    1.0,
    0.5457122608079377,
    0.9989369241672572,
    1.0,
    1.0,
    1.0,
    1.0,
    1.0,
    0.02303330970942594,
    1.0,
    1.0,
    1.0,
    1.0,
    0.02232459248759745,
    1.0,
    0.04677533664068037,
    1.0,
    1.0,
    1.0,
    1.0,
    0.01630049610205528,
    1.0,
    0.9918497519489724,
    1.0,
    1.0,
    1.0,
    0.0336640680368533,
    0.13217576187101346,
    1.0,
    1.0
  ],