{
  "steps": [
    1000,
    2000,
    3000,
    4000,
    5000,
    6000,
    7000,
    8000,
    9000,
    10000,
    11000,
    12000,
    13000,
    14000,
    15000,
    16000,
    17000,
    18000,
    19000,
    20000,
    21000,
    22000,
    23000,
    24000,
    25000,
    26000,
    27000,
    28000,
    29000,
    30000,
    31000,
    32000,
    33000,
    34000,
    35000,
    36000,
    37000,
    38000,
    39000,
    40000,
    41000,
    42000,
    43000,
    44000,
    45000,
    46000,
    47000,
    48000,
    49000,
    50000,
    51000,
    52000,
    53000,
    54000,
    55000,
    56000,
    57000,
    58000,
    59000,
    60000,
    61000,
    62000,
    63000,
    64000,
    65000,
    66000,
    67000,
    68000,
    69000,
    70000,
    71000,
    72000,
    73000,
    74000,
    75000,
    76000,
    77000,
    78000,
    79000,
    80000,
    81000,
    82000,
    83000,
    84000,
    85000,
    86000,
    87000,
    88000,
    89000,
    90000,
    91000,
    92000,
    93000,
    94000,
    95000,
    96000,
    97000,
    98000,
    99000,
    100000,
    101000,
    102000,
    103000,
    104000,
    105000,
    106000,
    107000,
    108000,
    109000,
    110000,
    111000,
    112000,
    113000,
    114000,
    115000,
    116000,
    117000,
    118000,
    119000,
    120000,
    121000,
    122000,
    123000,
    124000,
    125000,
    126000,
    127000,
    128000,
    129000,
    130000,
    131000,
    132000,
    133000,
    134000,
    135000,
    136000,
    137000,
    138000,
    139000,
    140000,
    141000,
    142000,
    143000,
    144000,
    145000,
    146000,
    147000,
    148000,
    149000,
    150000
  ],
  "activation_sparsity": [
    0.097780192044937,
    0.1275393293608623,
    0.18266210907848793,
    0.44245530970092606,
    0.6589790970851678,
    0.7354199085319569,
    0.7939620654319114,
    0.8217748975254289,
    0.7989553286776985,
    0.649440896842265,
    0.6835528313344467,
    0.7190050003795354,
    0.7195161871868833,
    0.7590483623045392,
    0.6091496508273873,
    0.6861407886746622,
    0.6654264555184454,
    0.6830238538029452,
    0.6552798125094884,
    0.734283674282678,
    0.7250372419158949,
    0.6352510152573251,
    0.7284103632154243,
    0.6456870540458479,
    0.6744760038712616,
    0.6617188686048276,
    0.6414243965386367,
    0.6887429785942007,
    0.6870006736754213,
    0.6991303894033702,
    0.6941940564748748,
    0.6735461420221649,
    0.6754627960376499,
    0.6256594428419614,
    0.6615030078184302,
    0.6340886879459542,
    0.6969694094428419,
    0.584880730985274,
    0.6466536833915287,
    0.6110378396842265,
    0.638237484818582,
    0.6596219352512525,
    0.6169823136480947,
    0.6494183619250038,
    0.6815175724912707,
    0.674888748671626,
    0.647199265598907,
    0.6984970396235008,
    0.6950195460756035,
    0.7006864847426749,
    0.6435960509336572,
    0.6904117485198118,
    0.5911632287080614,
    0.7684015390162441,
    0.5769543703506907,
    0.5378740796265371,
    0.4658987399423106,
    0.5719931304083802,
    0.5574486203886443,
    0.5960034917261272,
    0.5681562642325794,
    0.7161620426597844,
    0.7261924529376044,
    0.741614638682253,
    0.7639206486260817,
    0.5749119952178533,
    0.5560965253529679,
    0.6227405780324883,
    0.6333794310763625,
    0.6638774764688022,
    0.6784053818126613,
    0.7291884108850767,
    0.7596473166843783,
    0.7324713925155609,
    0.7600410847123121,
    0.7200131414149081,
    0.7935113670866859,
    0.6636817785031122,
    0.5882123405951116,
    0.7070128662517079,
    0.74290505920753,
    0.7770810403066647,
    0.7441219447396387,
    0.7085144033702748,
    0.6458139612114772,
    0.6170131509032943,
    0.6074927413845453,
    0.6225176009564294,
    0.7154183903901624,
    0.6066387866251708,
    0.5981514251556095,
    0.6793731972066192,
    0.6468790325641415,
    0.6899990037194474,
    0.6382789965082739,
    0.7291350387126158,
    0.7270048960072871,
    0.6910925402307575,
    0.6544543229087597,
    0.6753252144375285,
    0.6452197510247457,
    0.6910723774100501,
    0.6804821523455291,
    0.7118128036283589,
    0.7416680108547138,
    0.741156824047366,
    0.6486557328829513,
    0.6133553780173068,
    0.7148514593137999,
    0.7686672138302717,
    0.6377915306664642,
    0.6124302603613178,
    0.6639225463033247,
    0.6166383596477911,
    0.6987603423409746,
    0.7549398910733263,
    0.6973015029603765,
    0.6569699313040838,
    0.6637066855169272,
    0.6440408190374981,
    0.6698290667223319,
    0.6814499677394869,
    0.6467734742674965,
    0.654202880674055,
    0.6399714873994231,
    0.648227569454987,
    0.7147375986792166,
    0.6338929899802641,
    0.6160595680886595,
    0.6394104865644451,
    0.68352080803097,
    0.6660823402155761,
    0.6751164699407924,
    0.6252170468346744,
    0.6960253150144223,
    0.7100408475026567,
    0.6909656330651283,
    0.6511689691817216,
    0.6190282469257629,
    0.6411622798694399,
    0.6038041312433581,
    0.5869705480491878,
    0.6946506850614848,
    0.633022430545013,
    0.5951483509184757,
    0.6047814350235312,
    0.6180900827387278,
    0.6770864961287384,
    0.7117499430696828,
    0.5825786112797935
  ],