{
  "grokking_step": 9000,
  "before_step": 7000,
  "after_step": 14000,
  "before": {
    "b0": 500,
    "b0_max_persistence": 7.589339256286621,
    "b1": 504,
    "b1_max_persistence": 2.892482280731201
  },
  "after": {
    "b0": 6,
    "b0_max_persistence": 0.227912038564682,
    "b1": 0,
    "b1_max_persistence": 0.04149286448955536
  }
}