{
  "steps": [
    1000,
    2000,
    3000,
    4000,
    5000,
    6000,
    7000,
    8000,
    9000,
    10000,
    11000,
    12000,
    13000,
    14000,
    15000,
    16000,
    17000,
    18000,
    19000,
    20000,
    21000,
    22000,
    23000,
    24000,
    25000,
    26000,
    27000,
    28000,
    29000,
    30000,
    31000,
    32000,
    33000,
    34000,
    35000,
    36000,
    37000,
    38000,
    39000,
    40000,
    41000,
    42000,
    43000,
    44000,
    45000,
    46000,
    47000,
    48000,
    49000,
    50000,
    51000,
    52000,
    53000,
    54000,
    55000,
    56000,
    57000,
    58000,
    59000,
    60000,
    61000,
    62000,
    63000,
    64000,
    65000,
    66000,
    67000,
    68000,
    69000,
    70000,
    71000,
    72000,
    73000,
    74000,
    75000,
    76000,
    77000,
    78000,
    79000,
    80000,
    81000,
    82000,
    83000,
    84000,
    85000,
    86000,
    87000,
    88000,
    89000,
    90000,
    91000,
    92000,
    93000,
    94000,
    95000,
    96000,
    97000,
    98000,
    99000,
    100000,
    101000,
    102000,
    103000,
    104000,
    105000,
    106000,
    107000,
    108000,
    109000,
    110000,
    111000,
    112000,
    113000,
    114000,
    115000,
    116000,
    117000,
    118000,
    119000,
    120000,
    121000,
    122000,
    123000,
    124000,
    125000,
    126000,
    127000,
    128000,
    129000,
    130000,
    131000,
    132000,
    133000,
    134000,
    135000,
    136000,
    137000,
    138000,
    139000,
    140000,
    141000,
    142000,
    143000,
    144000,
    145000,
    146000,
    147000,
    148000,
    149000,
    150000
  ],
  "train_loss": [
    0.06103948503732681,
    1.7842386960983276,
    0.06953871250152588,
    2.5633065700531006,
    0.07098575681447983,
    0.09186624735593796,
    0.12445835769176483,
    0.07831557840108871,
    0.04914979264140129,
    0.04403272271156311,
    3.0446598529815674,
    0.03214084729552269,
    0.03323209658265114,
    4.530915260314941,
    0.23718160390853882,
    0.07764214277267456,
    0.14192534983158112,
    0.017646806314587593,
    0.027907701209187508,
    0.02750317007303238,
    0.03152301162481308,
    0.02749910019338131,
    0.01994858682155609,
    0.9190890192985535,
    0.029701145365834236,
    4.541457176208496,
    0.03616587072610855,
    0.029894445091485977,
    0.04551561921834946,
    0.0390738807618618,
    0.03925587236881256,
    0.031280260533094406,
    0.02652369812130928,
    0.3743196725845337,
    0.03342577442526817,
    0.5446787476539612,
    0.02356843464076519,
    0.41817784309387207,
    0.15611882507801056,
    0.06257519125938416,
    0.40960490703582764,
    0.06533131748437881,
    0.05972899869084358,
    0.04966424033045769,
    0.043156154453754425,
    0.056115224957466125,
    0.05025587975978851,
    0.05059688538312912,
    0.043715376406908035,
    0.028202561661601067,
    0.030047811567783356,
    0.036090172827243805,
    0.04899880290031433,
    4.401217937469482,
    1.2792495489120483,
    0.3797171413898468,
    1.837006688117981,
    0.5028656721115112,
    0.10530899465084076,
    0.08020083606243134,
    0.03392718359827995,
    0.051600947976112366,
    0.047514233738183975,
    0.046280596405267715,
    0.016452429816126823,
    2.239041805267334,
    0.11575218290090561,
    0.0881691724061966,
    0.13534890115261078,
    0.02138252928853035,
    0.14157059788703918,
    0.02337951399385929,
    0.0321236178278923,
    0.022252477705478668,
    0.015527255833148956,
    0.022181281819939613,
    0.017465200275182724,
    0.026311151683330536,
    0.031524498015642166,
    0.02593761682510376,
    0.05027902498841286,
    0.02633635327219963,
    0.028979288414120674,
    3.2915539741516113,
    0.05095767602324486,
    1.0737192630767822,
    0.04022325202822685,
    1.7281380891799927,
    0.03519606590270996,
    0.05773595720529556,
    4.45697546005249,
    4.551834583282471,
    1.0183885097503662,
    0.8704553246498108,
    0.05171569064259529,
    0.08953997492790222,
    4.571805477142334,
    0.08651484549045563,
    0.036550577729940414,
    0.1720854490995407,
    0.07757686823606491,
    0.06395483016967773,
    0.05661388114094734,
    0.05852366238832474,
    0.04981718957424164,
    0.4796447157859802,
    0.03892849013209343,
    0.04904010519385338,
    0.03642450273036957,
    0.04159443452954292,
    0.03847378492355347,
    0.0588475726544857,
    0.04598822072148323,
    4.600871562957764,
    0.044842712581157684,
    0.039080504328012466,
    0.05450516194105148,
    0.1128905862569809,
    0.041205089539289474,
    0.02833208441734314,
    0.03458482772111893,
    0.0347965843975544,
    0.8382758498191833,
    0.04436777904629707,
    0.040637243539094925,
    0.31586983799934387,
    4.545572757720947,
    0.13170073926448822,
    0.05344058573246002,
    0.04709666967391968,
    0.04570460319519043,
    0.10754705220460892,
    0.03549410402774811,
    3.252254009246826,
    0.4755563735961914,
    0.043460994958877563,
    0.038438811898231506,
    0.04468000680208206,
    2.282710552215576,
    0.0339650921523571,
    0.04355386644601822,
    4.585496425628662,
    0.04026748612523079,
    0.05004340410232544,
    0.05047110468149185,
    0.05226276442408562,
    0.057931289076805115,
    0.051210917532444,
    0.044321224093437195,
    0.13808530569076538
  ],
  "train_acc": [
    1.0,
    0.7094259390503189,
    1.0,
    0.5134656272147413,
    1.0,
    1.0,
    1.0,
    1.0,
    1.0,
    1.0,
    0.17824238128986533,
    1.0,
    1.0,
    0.018072289156626505,
    0.9922041105598866,
    1.0,
    1.0,
    1.0,
    1.0,
    1.0,
    1.0,
    1.0,
    1.0,
    0.8795180722891566,
    1.0,
    0.02232459248759745,
    1.0,
    1.0,
    1.0,
    1.0,
    1.0,
    1.0,
    1.0,
    0.9815733522324592,
    1.0,
    0.9259390503189228,
    1.0,
    1.0,
    1.0,
    1.0,
    0.9929128277817151,
    1.0,
    1.0,
    1.0,
    1.0,
    1.0,
    1.0,
    1.0,
    1.0,
    1.0,
    1.0,
    1.0,
    1.0,
    0.030120481927710843,
    0.6800141743444366,
    0.9748405386250886,
    0.4603118355776045,
    0.9776754075124026,
    1.0,
    1.0,
    1.0,
    1.0,
    1.0,
    1.0,
    1.0,
    0.385896527285613,
    1.0,
    1.0,
    0.9996456413890857,
    1.0,
    0.9996456413890857,
    1.0,
    1.0,
    1.0,
    1.0,
    1.0,
    1.0,
    1.0,
    1.0,
    1.0,
    1.0,
    1.0,
    1.0,
    0.17292700212615167,
    1.0,
    0.7696669029057406,
    1.0,
    0.6279234585400425,
    1.0,
    0.9996456413890857,
    0.03118355776045358,
    0.015946137491141033,
    0.7299787384833452,
    0.9514528703047485,
    1.0,
    1.0,
    0.012402551381998583,
    1.0,
    1.0,
    1.0,
    1.0,
    1.0,
    1.0,
    1.0,
    1.0,
    0.9985825655563431,
    1.0,
    1.0,
    1.0,
    1.0,
    1.0,
    1.0,
    1.0,
    0.011693834160170093,
    1.0,
    1.0,
    1.0,
    1.0,
    1.0,
    1.0,
    1.0,
    1.0,
    0.9688164422395464,
    1.0,
    1.0,
    0.9996456413890857,
    0.019844082211197732,
    1.0,
    1.0,
    1.0,
    1.0,
    1.0,
    1.0,
    0.23600283486888732,
    0.9677533664068037,
    1.0,
    1.0,
    1.0,
    0.4319631467044649,
    1.0,
    1.0,
    0.014174344436569808,
    1.0,
    1.0,
    1.0,
    1.0,
    1.0,
    1.0,
    1.0,
    0.9922041105598866
  ],