{
  "bottleneck_dim": 16,
  "grokking_time_90": 17500,
  "grokking_time_95": 18000,
  "grokking_time_99": 26500,
  "final_train_acc": 1.0,
  "final_test_acc": 0.9974191589494459,
  "log": {
    "bottleneck_dim": 16,
    "steps": [
      500,
      1000,
      1500,
      2000,
      2500,
      3000,
      3500,
      4000,
      4500,
      5000,
      5500,
      6000,
      6500,
      7000,
      7500,
      8000,
      8500,
      9000,
      9500,
      10000,
      10500,
      11000,
      11500,
      12000,
      12500,
      13000,
      13500,
      14000,
      14500,
      15000,
      15500,
      16000,
      16500,
      17000,
      17500,
      18000,
      18500,
      19000,
      19500,
      20000,
      20500,
      21000,
      21500,
      22000,
      22500,
      23000,
      23500,
      24000,
      24500,
      25000,
      25500,
      26000,
      26500,
      27000,
      27500,
      28000,
      28500,
      29000,
      29500,
      30000,
      30500,
      31000,
      31500,
      32000,
      32500,
      33000,
      33500,
      34000,
      34500,
      35000,
      35500,
      36000,
      36500,
      37000,
      37500,
      38000,
      38500,
      39000,
      39500,
      40000,
      40500,
      41000,
      41500,
      42000,
      42500,
      43000,
      43500,
      44000,
      44500,
      45000,
      45500,
      46000,
      46500,
      47000,
      47500,
      48000,
      48500,
      49000,
      49500,
      50000
    ],
    "train_loss": [
      0.10278657078742981,
      0.3839567005634308,
      0.09796369820833206,
      0.10406308621168137,
      1.0728172063827515,
      0.09210475534200668,
      3.2515416145324707,
      0.12320277094841003,
      0.3047688603401184,
      1.208188533782959,
      0.12389139086008072,
      2.780099630355835,
      0.8342750072479248,
      4.557041168212891,
      4.4027228355407715,
      1.9179720878601074,
      1.5330612659454346,
      1.108874797821045,
      0.7897807359695435,
      0.9930754899978638,
      0.702488899230957,
      0.6014111042022705,
      0.6720687747001648,
      0.6386993527412415,
      0.5863538980484009,
      0.49852943420410156,
      0.5319252014160156,
      0.27741843461990356,
      0.5842521786689758,
      0.5573647618293762,
      0.28478455543518066,
      0.6012556552886963,
      0.2527695894241333,
      1.9504108428955078,
      0.18746058642864227,
      0.15767650306224823,
      0.25091809034347534,
      1.0278575420379639,
      0.14438407123088837,
      0.10599459707736969,
      0.14142566919326782,
      0.13138362765312195,
      0.7678248286247253,
      0.5816705822944641,
      0.1251688301563263,
      0.1691361367702484,
      0.1093883067369461,
      0.11329672485589981,
      0.181828111410141,
      0.09550829976797104,
      0.11434301733970642,
      0.11504265666007996,
      0.12251904606819153,
      0.10253694653511047,
      0.12973465025424957,
      0.1173473447561264,
      0.10652683675289154,
      3.5251991748809814,
      0.12988902628421783,
      0.13448843359947205,
      0.12082606554031372,
      0.14995765686035156,
      0.12303997576236725,
      0.11454825103282928,
      0.7232292294502258,
      2.2124123573303223,
      3.3629941940307617,
      1.2018365859985352,
      0.3529110550880432,
      0.11733034253120422,
      0.09048674255609512,
      0.08489952236413956,
      0.08298550546169281,
      0.07259546965360641,
      0.07951908558607101,
      0.06492462009191513,
      0.07310344278812408,
      0.23820850253105164,
      0.09031800925731659,
      0.08149005472660065,
      3.827270984649658,
      0.11585855484008789,
      0.08598487079143524,
      0.09269683063030243,
      0.09284037351608276,
      0.08036075532436371,
      0.08677814155817032,
      0.11574925482273102,
      0.08964788913726807,
      0.11196522414684296,
      0.08927085250616074,
      0.07140469551086426,
      0.08793040364980698,
      0.07974612712860107,
      0.06181052327156067,
      0.06888868659734726,
      0.07043224573135376,
      0.07537025213241577,
      0.08234932273626328,
      0.10155188292264938
    ],
    "train_acc": [
      0.9946846208362863,
      0.9606661941885187,
      1.0,
      0.9992912827781715,
      0.8288447909284196,
      1.0,
      0.11552090715804395,
      1.0,
      0.976966690290574,
      0.6874557051736357,
      1.0,
      0.23316796598157336,
      0.7785258681785967,
      0.016654854712969524,
      0.032246633593196315,
      0.32459248759744863,
      0.5262225372076541,
      0.728206945428774,
      0.8082919914953933,
      0.6768249468462083,
      0.9092841956059532,
      0.9507441530829199,
      0.920623671155209,
      0.8883770375620128,
      0.9344436569808646,
      0.9358610914245216,
      0.923458540042523,
      0.997165131112686,
      0.9199149539333806,
      0.9851169383416017,
      0.9890148830616584,
      0.9574769666902906,
      1.0,
      0.38837703756201275,
      1.0,
      1.0,
      0.9904323175053154,
      0.848334514528703,
      1.0,
      1.0,
      1.0,
      1.0,
      0.8883770375620128,
      0.9649184975194898,
      1.0,
      1.0,
      1.0,
      1.0,
      1.0,
      1.0,
      1.0,
      1.0,
      1.0,
      1.0,
      1.0,
      1.0,
      1.0,
      0.0634301913536499,
      1.0,
      1.0,
      1.0,
      0.9992912827781715,
      1.0,
      1.0,
      0.8940467753366407,
      0.3784549964564139,
      0.1700921332388377,
      0.7104890148830617,
      0.9978738483345145,
      1.0,
      1.0,
      1.0,
      1.0,
      1.0,
      1.0,
      1.0,
      1.0,
      0.9957476966690291,
      1.0,
      1.0,
      0.05846917080085046,
      1.0,
      1.0,
      1.0,
      1.0,
      1.0,
      1.0,
      1.0,
      1.0,
      1.0,
      1.0,
      1.0,
      1.0,
      1.0,
      1.0,
      1.0,
      1.0,
      1.0,
      1.0,
      1.0
    ],