{
  "bottleneck_dim": 1,
  "grokking_time_90": null,
  "grokking_time_95": null,
  "grokking_time_99": null,
  "final_train_acc": 0.13253012048192772,
  "final_test_acc": 0.07545164718384698,
  "log": {
    "bottleneck_dim": 1,
    "steps": [
      500,
      1000,
      1500,
      2000,
      2500,
      3000,
      3500,
      4000,
      4500,
      5000,
      5500,
      6000,
      6500,
      7000,
      7500,
      8000,
      8500,
      9000,
      9500,
      10000,
      10500,
      11000,
      11500,
      12000,
      12500,
      13000,
      13500,
      14000,
      14500,
      15000,
      15500,
      16000,
      16500,
      17000,
      17500,
      18000,
      18500,
      19000,
      19500,
      20000,
      20500,
      21000,
      21500,
      22000,
      22500,
      23000,
      23500,
      24000,
      24500,
      25000,
      25500,
      26000,
      26500,
      27000,
      27500,
      28000,
      28500,
      29000,
      29500,
      30000,
      30500,
      31000,
      31500,
      32000,
      32500,
      33000,
      33500,
      34000,
      34500,
      35000,
      35500,
      36000,
      36500,
      37000,
      37500,
      38000,
      38500,
      39000,
      39500,
      40000,
      40500,
      41000,
      41500,
      42000,
      42500,
      43000,
      43500,
      44000,
      44500,
      45000,
      45500,
      46000,
      46500,
      47000,
      47500,
      48000,
      48500,
      49000,
      49500,
      50000
    ],
    "train_loss": [
      4.564493179321289,
      4.520547866821289,
      4.335297107696533,
      4.312492370605469,
      4.365494251251221,
      4.314737319946289,
      4.2191877365112305,
      4.2286882400512695,
      4.188553810119629,
      4.068279266357422,
      3.9686217308044434,
      3.964790105819702,
      3.9697978496551514,
      4.018219947814941,
      3.883138656616211,
      3.8348278999328613,
      3.905564308166504,
      3.8000502586364746,
      3.806267738342285,
      3.724897861480713,
      3.8568921089172363,
      3.75003981590271,
      3.7801945209503174,
      3.7108192443847656,
      3.727515935897827,
      3.786654472351074,
      3.783250570297241,
      3.681575298309326,
      3.871290445327759,
      3.635042428970337,
      3.5484583377838135,
      3.6505908966064453,
      3.5879194736480713,
      3.5199503898620605,
      3.5751423835754395,
      3.55079984664917,
      3.5693440437316895,
      3.543971538543701,
      3.5663840770721436,
      3.6416826248168945,
      3.5405008792877197,
      3.682706594467163,
      3.599091053009033,
      3.5573575496673584,
      3.605726957321167,
      3.6006340980529785,
      3.926743268966675,
      3.552884101867676,
      3.6273388862609863,
      3.5340867042541504,
      3.501188039779663,
      3.5509064197540283,
      3.5899195671081543,
      3.587615489959717,
      3.5478010177612305,
      3.4874722957611084,
      3.618828058242798,
      3.5543336868286133,
      3.6049270629882812,
      3.5046744346618652,
      3.6024203300476074,
      3.5092129707336426,
      3.4769155979156494,
      3.445159435272217,
      3.5241785049438477,
      3.3943560123443604,
      3.2964253425598145,
      3.170236349105835,
      3.147890567779541,
      3.146611213684082,
      3.5808866024017334,
      3.2003324031829834,
      3.7724738121032715,
      3.317683219909668,
      3.232542037963867,
      3.2946901321411133,
      3.394991874694824,
      3.375704050064087,
      3.1322250366210938,
      3.148183822631836,
      3.140115261077881,
      3.3971810340881348,
      3.126124858856201,
      3.1013805866241455,
      3.070375919342041,
      3.250887393951416,
      3.1932339668273926,
      3.142871856689453,
      3.422748565673828,
      3.2972402572631836,
      3.347496509552002,
      3.263375759124756,
      3.17842960357666,
      3.348003625869751,
      3.1752257347106934,
      3.223569393157959,
      3.2244160175323486,
      3.450255870819092,
      3.439966917037964,
      3.1692800521850586
    ],
    "train_acc": [
      0.014883061658398299,
      0.018072289156626505,
      0.026222537207654145,
      0.027639971651311126,
      0.028703047484053862,
      0.028348688873139617,
      0.029411764705882353,
      0.031537916371367825,
      0.03933380581148122,
      0.03330970942593905,
      0.059177888022678954,
      0.04819277108433735,
      0.04216867469879518,
      0.041814316087880936,
      0.050318922749822824,
      0.048547129695251594,
      0.0478384124734231,
      0.051381998582565556,
      0.05279943302622254,
      0.05527994330262225,
      0.05350815024805103,
      0.06839121190644933,
      0.059886605244507445,
      0.06236711552090716,
      0.050673281360737066,
      0.059886605244507445,
      0.0446491849751949,
      0.07016300496102056,
      0.050318922749822824,
      0.07299787384833452,
      0.058823529411764705,
      0.0517363571934798,
      0.05598866052445074,
      0.0634301913536499,
      0.06945428773919206,
      0.06307583274273565,
      0.058114812189936214,
      0.060595322466335935,
      0.059177888022678954,
      0.05279943302622254,
      0.058114812189936214,
      0.049964564138908575,
      0.05669737774627923,
      0.05457122608079376,
      0.05102763997165131,
      0.049964564138908575,
      0.05492558469170801,
      0.05386250885896527,
      0.05102763997165131,
      0.05350815024805103,
      0.05457122608079376,
      0.05102763997165131,
      0.050673281360737066,
      0.05421686746987952,
      0.05457122608079376,
      0.05386250885896527,
      0.050673281360737066,
      0.05315379163713678,
      0.0517363571934798,
      0.0634301913536499,
      0.05386250885896527,
      0.05527994330262225,
      0.0666194188518781,
      0.07725017717930546,
      0.05634301913536499,
      0.07512402551381998,
      0.08043940467753366,
      0.1105598866052445,
      0.12260807937632884,
      0.09922041105598867,
      0.04642097802976612,
      0.11587526576895818,
      0.07193479801559177,
      0.09886605244507442,
      0.1435152374202693,
      0.08823529411764706,
      0.10099220411055988,
      0.10205527994330262,
      0.1268603827072998,
      0.130049610205528,
      0.1435152374202693,
      0.08575478384124734,
      0.14599574769666904,
      0.130049610205528,
      0.14705882352941177,
      0.09425939050318922,
      0.13926293408929838,
      0.12650602409638553,
      0.08256555634301914,
      0.10382707299787385,
      0.0815024805102764,
      0.0956768249468462,
      0.09319631467044649,
      0.08398299078667612,
      0.11339475549255847,
      0.09284195605953224,
      0.10134656272147413,
      0.09284195605953224,
      0.0885896527285613,
      0.13253012048192772
    ],