{
  "bottleneck_dim": 32,
  "grokking_time_90": 31000,
  "grokking_time_95": 31500,
  "grokking_time_99": 40500,
  "final_train_acc": 1.0,
  "final_test_acc": 1.0,
  "log": {
    "bottleneck_dim": 32,
    "steps": [
      500,
      1000,
      1500,
      2000,
      2500,
      3000,
      3500,
      4000,
      4500,
      5000,
      5500,
      6000,
      6500,
      7000,
      7500,
      8000,
      8500,
      9000,
      9500,
      10000,
      10500,
      11000,
      11500,
      12000,
      12500,
      13000,
      13500,
      14000,
      14500,
      15000,
      15500,
      16000,
      16500,
      17000,
      17500,
      18000,
      18500,
      19000,
      19500,
      20000,
      20500,
      21000,
      21500,
      22000,
      22500,
      23000,
      23500,
      24000,
      24500,
      25000,
      25500,
      26000,
      26500,
      27000,
      27500,
      28000,
      28500,
      29000,
      29500,
      30000,
      30500,
      31000,
      31500,
      32000,
      32500,
      33000,
      33500,
      34000,
      34500,
      35000,
      35500,
      36000,
      36500,
      37000,
      37500,
      38000,
      38500,
      39000,
      39500,
      40000,
      40500,
      41000,
      41500,
      42000,
      42500,
      43000,
      43500,
      44000,
      44500,
      45000,
      45500,
      46000,
      46500,
      47000,
      47500,
      48000,
      48500,
      49000,
      49500,
      50000
    ],
    "train_loss": [
      0.04636333882808685,
      0.19485032558441162,
      0.08556699752807617,
      0.1489395648241043,
      4.380622386932373,
      0.07929124683141708,
      4.726293563842773,
      1.048660397529602,
      1.5604040622711182,
      4.568754196166992,
      4.554816246032715,
      4.437410831451416,
      4.369558811187744,
      4.272826671600342,
      4.141899585723877,
      3.8759536743164062,
      3.6720664501190186,
      3.536953926086426,
      3.0625267028808594,
      2.7484045028686523,
      2.3941259384155273,
      2.1378393173217773,
      1.7483158111572266,
      1.4947588443756104,
      1.2369656562805176,
      1.5450170040130615,
      0.9001606702804565,
      0.4456246495246887,
      0.20579904317855835,
      0.11467444151639938,
      0.07561156153678894,
      0.07394081354141235,
      3.910766124725342,
      0.08118180930614471,
      0.19193868339061737,
      0.10691690444946289,
      4.56466007232666,
      4.56226921081543,
      4.437541961669922,
      2.920180320739746,
      2.395629405975342,
      2.2140536308288574,
      2.2138867378234863,
      1.8068242073059082,
      1.0331652164459229,
      1.068632960319519,
      0.6554513573646545,
      0.6291878819465637,
      0.4847414493560791,
      0.4774215817451477,
      0.45120447874069214,
      0.4310482144355774,
      0.4700605869293213,
      0.430368036031723,
      0.36642810702323914,
      0.3709690570831299,
      0.3134108781814575,
      0.4820365905761719,
      0.27207648754119873,
      0.7273800373077393,
      0.24879147112369537,
      0.1354951560497284,
      0.1090727299451828,
      0.21741819381713867,
      0.3733348250389099,
      0.16747580468654633,
      0.24716225266456604,
      0.281311571598053,
      0.28136715292930603,
      0.25894325971603394,
      0.18730497360229492,
      0.27228280901908875,
      0.17365111410617828,
      0.19220983982086182,
      0.33405423164367676,
      0.2439548671245575,
      0.21486037969589233,
      3.8285019397735596,
      0.30519479513168335,
      0.1250787079334259,
      0.09792013466358185,
      0.10112904012203217,
      0.11510369181632996,
      0.08724736422300339,
      0.09179475903511047,
      0.07383082062005997,
      0.32701027393341064,
      0.08332011103630066,
      0.08433710038661957,
      0.09045420587062836,
      0.0773424431681633,
      0.1511077880859375,
      0.0822443962097168,
      3.7467217445373535,
      0.06701193749904633,
      0.07392330467700958,
      0.06694900989532471,
      0.08842968195676804,
      0.08502140641212463,
      0.2519710063934326
    ],
    "train_acc": [
      0.9996456413890857,
      0.9982282069454288,
      1.0,
      0.9985825655563431,
      0.03756201275690999,
      1.0,
      0.060595322466335935,
      0.7884479092841956,
      0.6389085754783841,
      0.014883061658398299,
      0.017363571934798015,
      0.02657689581856839,
      0.03862508858965273,
      0.04571226080793763,
      0.05350815024805103,
      0.08256555634301914,
      0.1254429482636428,
      0.15768958185683912,
      0.25336640680368533,
      0.31537916371367825,
      0.3766832034018427,
      0.44897236002834867,
      0.5364989369241673,
      0.6452870304748405,
      0.6828490432317506,
      0.6343019135364989,
      0.8033309709425939,
      0.9259390503189228,
      0.9688164422395464,
      0.9975194897236003,
      0.9989369241672572,
      0.9992912827781715,
      0.08504606661941885,
      1.0,
      0.9975194897236003,
      1.0,
      0.014883061658398299,
      0.014883061658398299,
      0.02161587526576896,
      0.13890857547838412,
      0.23245924875974486,
      0.29518072289156627,
      0.2271438695960312,
      0.4135364989369242,
      0.7654145995747696,
      0.6899362154500355,
      0.8717221828490432,
      0.8986534372785259,
      0.9521615875265769,
      0.9727143869596031,
      0.9819277108433735,
      0.9588944011339475,
      0.9110559886605244,
      0.9518072289156626,
      0.9440113394755493,
      0.9783841247342311,
      0.9957476966690291,
      0.8065201984408221,
      0.9936215450035436,
      0.7193479801559178,
      0.9975194897236003,
      1.0,
      1.0,
      0.9904323175053154,
      0.9571226080793763,
      0.9975194897236003,
      0.9702338766832034,
      0.9698795180722891,
      0.969525159461375,
      0.9702338766832034,
      0.9698795180722891,
      0.9709425939050319,
      0.9705882352941176,
      0.9709425939050319,
      0.9702338766832034,
      0.9705882352941176,
      0.9702338766832034,
      0.04961020552799433,
      0.9702338766832034,
      0.9946846208362863,
      1.0,
      1.0,
      1.0,
      1.0,
      1.0,
      1.0,
      0.9968107725017717,
      1.0,
      1.0,
      1.0,
      1.0,
      1.0,
      1.0,
      0.04216867469879518,
      1.0,
      1.0,
      1.0,
      1.0,
      1.0,
      1.0
    ],