{
  "bottleneck_dim": null,
  "grokking_time_90": 8000,
  "grokking_time_95": 8000,
  "grokking_time_99": 8000,
  "final_train_acc": 1.0,
  "final_test_acc": 1.0,
  "log": {
    "bottleneck_dim": null,
    "steps": [
      500,
      1000,
      1500,
      2000,
      2500,
      3000,
      3500,
      4000,
      4500,
      5000,
      5500,
      6000,
      6500,
      7000,
      7500,
      8000,
      8500,
      9000,
      9500,
      10000,
      10500,
      11000,
      11500,
      12000,
      12500,
      13000,
      13500,
      14000,
      14500,
      15000,
      15500,
      16000,
      16500,
      17000,
      17500,
      18000,
      18500,
      19000,
      19500,
      20000,
      20500,
      21000,
      21500,
      22000,
      22500,
      23000,
      23500,
      24000,
      24500,
      25000,
      25500,
      26000,
      26500,
      27000,
      27500,
      28000,
      28500,
      29000,
      29500,
      30000,
      30500,
      31000,
      31500,
      32000,
      32500,
      33000,
      33500,
      34000,
      34500,
      35000,
      35500,
      36000,
      36500,
      37000,
      37500,
      38000,
      38500,
      39000,
      39500,
      40000,
      40500,
      41000,
      41500,
      42000,
      42500,
      43000,
      43500,
      44000,
      44500,
      45000,
      45500,
      46000,
      46500,
      47000,
      47500,
      48000,
      48500,
      49000,
      49500,
      50000
    ],
    "train_loss": [
      0.05931141972541809,
      0.06100640818476677,
      0.04199528321623802,
      0.05355722829699516,
      0.05849333107471466,
      3.1500589847564697,
      0.06906943768262863,
      0.06772834062576294,
      0.05843490734696388,
      0.09947220981121063,
      0.061352264136075974,
      0.06727368384599686,
      0.14893266558647156,
      0.06218596547842026,
      0.07249663025140762,
      0.08656347543001175,
      0.06693954765796661,
      4.487037658691406,
      0.0424998477101326,
      0.04282737150788307,
      0.046676840633153915,
      0.01877777837216854,
      0.034432828426361084,
      4.54802942276001,
      0.01739347167313099,
      4.564779281616211,
      0.05428994819521904,
      0.05373557284474373,
      0.04241397976875305,
      0.3990778625011444,
      0.3302544951438904,
      0.02343270182609558,
      0.05623310059309006,
      0.02903863601386547,
      0.028200171887874603,
      0.02923973836004734,
      0.019358240067958832,
      0.058511629700660706,
      0.9326984882354736,
      0.02780122123658657,
      0.03568057343363762,
      0.03632349893450737,
      0.03372988849878311,
      0.03689181059598923,
      0.03525744751095772,
      1.99778151512146,
      0.0408703088760376,
      0.017878662794828415,
      0.36619263887405396,
      0.043209247291088104,
      0.03575849533081055,
      0.04099329933524132,
      1.0721163749694824,
      0.04850820079445839,
      0.04520735144615173,
      0.03968469798564911,
      0.04108913615345955,
      0.041593436151742935,
      0.02780190296471119,
      4.545905590057373,
      1.3069846630096436,
      0.10280519723892212,
      2.546154499053955,
      0.0917111188173294,
      0.05991825833916664,
      0.04686061665415764,
      0.054802700877189636,
      0.0983751118183136,
      0.046741779893636703,
      0.04670678824186325,
      0.03885536640882492,
      0.035144127905368805,
      0.02893839403986931,
      4.55283260345459,
      2.8779780864715576,
      0.3755187392234802,
      0.13984930515289307,
      0.5407891869544983,
      0.09597148001194,
      0.07508248090744019,
      0.09977652132511139,
      0.06336764991283417,
      0.12146207690238953,
      0.040812090039253235,
      0.02809428796172142,
      0.024106629192829132,
      4.557721138000488,
      4.297043800354004,
      1.3958889245986938,
      0.16074228286743164,
      0.0634370893239975,
      0.1621074676513672,
      0.06808364391326904,
      0.19372379779815674,
      0.10354956984519958,
      0.05492350831627846,
      0.051470838487148285,
      0.05183307081460953,
      0.059036415070295334,
      0.05121402442455292
    ],
    "train_acc": [
      1.0,
      1.0,
      1.0,
      1.0,
      1.0,
      0.3841247342310418,
      1.0,
      1.0,
      1.0,
      1.0,
      1.0,
      1.0,
      1.0,
      1.0,
      1.0,
      1.0,
      1.0,
      0.029766123316796598,
      1.0,
      1.0,
      1.0,
      1.0,
      1.0,
      0.016654854712969524,
      1.0,
      0.014883061658398299,
      1.0,
      1.0,
      1.0,
      0.9932671863926293,
      0.9883061658398299,
      1.0,
      1.0,
      1.0,
      1.0,
      1.0,
      1.0,
      1.0,
      0.9181431608788093,
      1.0,
      1.0,
      1.0,
      1.0,
      1.0,
      1.0,
      0.5031892274982283,
      1.0,
      1.0,
      0.9599574769666903,
      1.0,
      1.0,
      1.0,
      0.8143160878809355,
      1.0,
      1.0,
      1.0,
      1.0,
      1.0,
      1.0,
      0.013465627214741318,
      0.7618710134656272,
      0.9992912827781715,
      0.2271438695960312,
      1.0,
      1.0,
      1.0,
      1.0,
      1.0,
      1.0,
      1.0,
      1.0,
      1.0,
      1.0,
      0.014883061658398299,
      0.23883770375620128,
      0.9673990077958894,
      0.9992912827781715,
      0.9220411055988661,
      1.0,
      1.0,
      0.9996456413890857,
      1.0,
      0.9996456413890857,
      1.0,
      1.0,
      1.0,
      0.013465627214741318,
      0.040396881644223954,
      0.6502480510276399,
      0.9989369241672572,
      1.0,
      1.0,
      1.0,
      1.0,
      1.0,
      1.0,
      1.0,
      1.0,
      1.0,
      1.0
    ],
    "test_acc": [
      0.0013663276149992408,
      0.0013663276149992408,
      0.0012145134355548808,
      0.002884469409442842,
      0.001518141794443601,
      0.0009108850766661606,
      0.002884469409442842,
      0.006072567177774404,
      0.011386063458327008,
      0.02596022468498558,
      0.04357066950053135,
      0.09154395020494914,
      0.24244724457264308,
      0.3424927888264764,
      0.8093213906178837,
      0.9955973887961136,
      1.0,
      0.010171550022772128,
      1.0,
      1.0,
      1.0,
      1.0,
      1.0,
      0.008349779869439806,
      1.0,
      0.008349779869439806,
      1.0,
      1.0,
      1.0,
      0.9802641566722332,
      0.9828449977227873,
      1.0,
      0.9933201761044481,
      1.0,
      1.0,
      1.0,
      1.0,
      1.0,
      0.8519811750417489,
      1.0,
      1.0,
      1.0,
      1.0,
      1.0,
      1.0,
      0.38408987399423106,
      1.0,
      1.0,
      0.9183239714589343,
      1.0,
      1.0,
      1.0,
      0.720510095642933,
      1.0,
      1.0,
      1.0,
      1.0,
      1.0,
      1.0,
      0.009564293304994687,
      0.40898739942310613,
      0.8179747988462123,
      0.10399271291938667,
      0.8117504174889935,
      0.9602246849855777,
      0.9892211932594505,
      0.9918020343100046,
      0.9946865037194474,
      0.9989373007438895,
      0.9981782298466677,
      0.997874601487779,
      0.9984818582055563,
      1.0,
      0.008349779869439806,
      0.03764991650220131,
      0.39790496432366784,
      0.44739638682252925,
      0.3707302262031274,
      0.49597692424472445,
      0.5541217549719144,
      0.5439502049491423,
      0.6878700470623956,
      0.9243965386367087,
      0.9898284499772279,
      0.9960528313344467,
      0.9971155305905571,
      0.007894337331106725,
      0.0027326552299984817,
      0.03628358888720207,
      0.12600576893881887,
      0.3672385000759071,
      0.8812813116745104,
      0.9916502201305601,
      0.9933201761044481,
      0.9995445574616669,
      1.0,
      1.0,
      1.0,
      1.0,
      1.0
    ]
  }
}