{
  "bottleneck_dim": 64,
  "grokking_time_90": 20500,
  "grokking_time_95": 21500,
  "grokking_time_99": 22000,
  "final_train_acc": 0.9124734231041814,
  "final_test_acc": 0.8501594048884166,
  "log": {
    "bottleneck_dim": 64,
    "steps": [
      500,
      1000,
      1500,
      2000,
      2500,
      3000,
      3500,
      4000,
      4500,
      5000,
      5500,
      6000,
      6500,
      7000,
      7500,
      8000,
      8500,
      9000,
      9500,
      10000,
      10500,
      11000,
      11500,
      12000,
      12500,
      13000,
      13500,
      14000,
      14500,
      15000,
      15500,
      16000,
      16500,
      17000,
      17500,
      18000,
      18500,
      19000,
      19500,
      20000,
      20500,
      21000,
      21500,
      22000,
      22500,
      23000,
      23500,
      24000,
      24500,
      25000,
      25500,
      26000,
      26500,
      27000,
      27500,
      28000,
      28500,
      29000,
      29500,
      30000,
      30500,
      31000,
      31500,
      32000,
      32500,
      33000,
      33500,
      34000,
      34500,
      35000,
      35500,
      36000,
      36500,
      37000,
      37500,
      38000,
      38500,
      39000,
      39500,
      40000,
      40500,
      41000,
      41500,
      42000,
      42500,
      43000,
      43500,
      44000,
      44500,
      45000,
      45500,
      46000,
      46500,
      47000,
      47500,
      48000,
      48500,
      49000,
      49500,
      50000
    ],
    "train_loss": [
      5.097134113311768,
      0.10471376776695251,
      0.07709149271249771,
      0.07161169499158859,
      2.0338456630706787,
      0.34220290184020996,
      2.745450258255005,
      4.419282913208008,
      1.1351006031036377,
      0.4709223508834839,
      1.0329455137252808,
      4.5671796798706055,
      4.567790985107422,
      4.555617809295654,
      4.4922685623168945,
      4.365863800048828,
      4.2146687507629395,
      4.077363014221191,
      3.85701322555542,
      3.787369728088379,
      3.6289618015289307,
      3.4813461303710938,
      3.3795809745788574,
      3.1462552547454834,
      2.791541814804077,
      2.166501045227051,
      1.6470670700073242,
      1.0035715103149414,
      0.4839414358139038,
      0.3116086423397064,
      0.18534177541732788,
      0.2725708484649658,
      0.15474611520767212,
      0.3803855776786804,
      3.3049235343933105,
      0.2348044365644455,
      0.220611110329628,
      0.11613358557224274,
      0.08932714909315109,
      0.11000776290893555,
      0.11224044114351273,
      0.48324522376060486,
      0.21944992244243622,
      0.08064886927604675,
      0.5926762819290161,
      0.12469610571861267,
      0.7936089038848877,
      0.0668250247836113,
      0.13970422744750977,
      0.07543990015983582,
      0.2987203896045685,
      0.09922590851783752,
      0.07252179831266403,
      0.06887330859899521,
      0.06833605468273163,
      0.25952470302581787,
      0.08439300209283829,
      0.10019263625144958,
      0.27802714705467224,
      0.07272526621818542,
      0.05685628578066826,
      0.06740613281726837,
      0.05322457104921341,
      0.0584682859480381,
      0.07415878772735596,
      0.09887901693582535,
      0.06500595808029175,
      0.05532021075487137,
      0.05695079639554024,
      0.0521194189786911,
      0.04764260724186897,
      0.09264683723449707,
      0.08550009876489639,
      0.06383062899112701,
      0.8973187208175659,
      0.05054164305329323,
      3.661497116088867,
      0.06721846014261246,
      0.3513607978820801,
      0.06596551090478897,
      0.08935369551181793,
      0.06278370320796967,
      0.050333961844444275,
      0.06524445116519928,
      0.0552397221326828,
      0.05325520038604736,
      0.06703001260757446,
      0.12403962016105652,
      0.2741245925426483,
      0.05226860195398331,
      0.07060278952121735,
      0.05972691625356674,
      0.04268116503953934,
      0.6691177487373352,
      0.5826634168624878,
      0.11417738348245621,
      0.1411859393119812,
      0.09134300798177719,
      0.06732217967510223,
      0.6817724704742432
    ],
    "train_acc": [
      0.16406803685329555,
      0.9992912827781715,
      1.0,
      1.0,
      0.44294826364280654,
      0.9989369241672572,
      0.2469879518072289,
      0.03472714386959603,
      0.7200566973777462,
      0.9447200566973778,
      0.7951807228915663,
      0.014174344436569808,
      0.014883061658398299,
      0.018072289156626505,
      0.024805102763997167,
      0.032246633593196315,
      0.03827072997873848,
      0.058823529411764705,
      0.06094968107725018,
      0.08079376328844791,
      0.09532246633593196,
      0.11268603827072998,
      0.12863217576187103,
      0.19029057406094968,
      0.24096385542168675,
      0.4223954642097803,
      0.5715804394046775,
      0.6984408221119773,
      0.9117647058823529,
      0.9805102763997166,
      1.0,
      0.9844082211197732,
      1.0,
      0.9773210489014883,
      0.12048192771084337,
      0.9989369241672572,
      1.0,
      1.0,
      1.0,
      0.9961020552799433,
      0.9989369241672572,
      0.9918497519489724,
      0.9992912827781715,
      1.0,
      0.9581856839121191,
      1.0,
      0.933380581148122,
      1.0,
      0.9992912827781715,
      1.0,
      0.9939759036144579,
      0.9390503189227498,
      1.0,
      1.0,
      1.0,
      0.981218993621545,
      1.0,
      1.0,
      0.9992912827781715,
      1.0,
      1.0,
      1.0,
      1.0,
      1.0,
      1.0,
      1.0,
      1.0,
      1.0,
      1.0,
      1.0,
      1.0,
      0.9968107725017717,
      0.9982282069454288,
      1.0,
      0.8288447909284196,
      1.0,
      0.35223245924875973,
      0.9992912827781715,
      0.9790928419560595,
      1.0,
      1.0,
      1.0,
      1.0,
      1.0,
      1.0,
      1.0,
      1.0,
      1.0,
      0.9883061658398299,
      1.0,
      1.0,
      1.0,
      1.0,
      0.9078667611622963,
      0.9369241672572644,
      0.9964564138908576,
      1.0,
      1.0,
      1.0,
      0.9124734231041814
    ],