{
  "bottleneck_dim": 128,
  "grokking_time_90": 9500,
  "grokking_time_95": 9500,
  "grokking_time_99": 9500,
  "final_train_acc": 1.0,
  "final_test_acc": 1.0,
  "log": {
    "bottleneck_dim": 128,
    "steps": [
      500,
      1000,
      1500,
      2000,
      2500,
      3000,
      3500,
      4000,
      4500,
      5000,
      5500,
      6000,
      6500,
      7000,
      7500,
      8000,
      8500,
      9000,
      9500,
      10000,
      10500,
      11000,
      11500,
      12000,
      12500,
      13000,
      13500,
      14000,
      14500,
      15000,
      15500,
      16000,
      16500,
      17000,
      17500,
      18000,
      18500,
      19000,
      19500,
      20000,
      20500,
      21000,
      21500,
      22000,
      22500,
      23000,
      23500,
      24000,
      24500,
      25000,
      25500,
      26000,
      26500,
      27000,
      27500,
      28000,
      28500,
      29000,
      29500,
      30000,
      30500,
      31000,
      31500,
      32000,
      32500,
      33000,
      33500,
      34000,
      34500,
      35000,
      35500,
      36000,
      36500,
      37000,
      37500,
      38000,
      38500,
      39000,
      39500,
      40000,
      40500,
      41000,
      41500,
      42000,
      42500,
      43000,
      43500,
      44000,
      44500,
      45000,
      45500,
      46000,
      46500,
      47000,
      47500,
      48000,
      48500,
      49000,
      49500,
      50000
    ],
    "train_loss": [
      0.05987682193517685,
      0.2033197581768036,
      0.05202619731426239,
      1.2375783920288086,
      0.06982166320085526,
      0.06429169327020645,
      0.07386605441570282,
      2.1335654258728027,
      0.06921661645174026,
      0.054717451333999634,
      0.06455657631158829,
      0.15686005353927612,
      0.08124378323554993,
      0.6981545686721802,
      0.09504002332687378,
      0.07629876583814621,
      0.12242333590984344,
      4.5643086433410645,
      0.027355147525668144,
      4.566686153411865,
      2.0547196865081787,
      0.17672090232372284,
      0.32756882905960083,
      0.059461839497089386,
      0.042667873203754425,
      0.5197635889053345,
      0.05190905183553696,
      0.04484398663043976,
      0.04320228099822998,
      0.057439472526311874,
      0.02860298380255699,
      0.033242758363485336,
      0.025683369487524033,
      0.1419975310564041,
      0.025013793259859085,
      0.20730581879615784,
      0.03042873926460743,
      0.02301529422402382,
      0.03242861106991768,
      0.03024516999721527,
      0.034813880920410156,
      1.023632287979126,
      0.03014279529452324,
      0.04023607820272446,
      0.03830926492810249,
      0.23941247165203094,
      0.04024671018123627,
      0.08965928107500076,
      0.035489894449710846,
      0.8229433298110962,
      1.1693769693374634,
      0.05673067271709442,
      4.708384037017822,
      0.031657926738262177,
      0.03145383298397064,
      0.030669935047626495,
      0.04093317314982414,
      0.01979425922036171,
      0.34503763914108276,
      0.031148182228207588,
      0.03213486075401306,
      0.03145402669906616,
      0.02735167369246483,
      0.02685171738266945,
      0.028094954788684845,
      0.029752535745501518,
      0.03169536963105202,
      0.02721315622329712,
      0.03130847215652466,
      0.03443428501486778,
      0.029316313564777374,
      0.0372464656829834,
      0.031421661376953125,
      0.03269251435995102,
      0.06747245043516159,
      0.04078520089387894,
      0.03335632011294365,
      0.023254264146089554,
      0.02344358153641224,
      4.513298988342285,
      0.8889468312263489,
      0.09160870313644409,
      0.07284311950206757,
      0.7848785519599915,
      0.05075749009847641,
      0.0442693755030632,
      0.0488799624145031,
      0.05377308279275894,
      0.03328671306371689,
      0.11595486849546432,
      0.050572000443935394,
      0.04074425995349884,
      0.03955415263772011,
      0.645256757736206,
      0.3897418677806854,
      0.06481695175170898,
      0.03565898537635803,
      0.03928089886903763,
      0.03969261050224304,
      0.026619665324687958
    ],
    "train_acc": [
      1.0,
      0.9996456413890857,
      1.0,
      0.820694542877392,
      1.0,
      1.0,
      1.0,
      0.47342310418143163,
      1.0,
      1.0,
      1.0,
      1.0,
      1.0,
      0.9482636428065202,
      1.0,
      1.0,
      1.0,
      0.014883061658398299,
      1.0,
      0.014883061658398299,
      0.38199858256555635,
      0.9865343727852587,
      0.9656272147413182,
      1.0,
      1.0,
      0.9645641389085755,
      1.0,
      1.0,
      1.0,
      1.0,
      1.0,
      1.0,
      1.0,
      0.9766123316796598,
      1.0,
      0.9794472005669738,
      1.0,
      1.0,
      1.0,
      1.0,
      1.0,
      0.7639971651311127,
      1.0,
      1.0,
      1.0,
      0.9978738483345145,
      1.0,
      1.0,
      1.0,
      0.7927002126151665,
      0.7795889440113395,
      1.0,
      0.011693834160170093,
      1.0,
      1.0,
      1.0,
      1.0,
      1.0,
      0.9681077250177179,
      1.0,
      1.0,
      1.0,
      1.0,
      1.0,
      1.0,
      1.0,
      1.0,
      1.0,
      1.0,
      1.0,
      1.0,
      1.0,
      1.0,
      1.0,
      1.0,
      1.0,
      1.0,
      1.0,
      1.0,
      0.020552799433026223,
      0.9007795889440113,
      1.0,
      1.0,
      0.9177888022678952,
      1.0,
      1.0,
      1.0,
      1.0,
      1.0,
      0.9985825655563431,
      1.0,
      1.0,
      1.0,
      0.9011339475549256,
      0.9730687455705174,
      1.0,
      1.0,
      1.0,
      1.0,
      1.0
    ],
    "test_acc": [
      0.001518141794443601,
      0.0012145134355548808,
      0.001669955973887961,
      0.0007590708972218005,
      0.003491726127220282,
      0.003036283588887202,
      0.004402611203886443,
      0.004402611203886443,
      0.013511461970548049,
      0.01427053286776985,
      0.02732655229998482,
      0.04205252770608775,
      0.061181114316077125,
      0.1339001062699256,
      0.2126916654015485,
      0.32290875967815397,
      0.8380142705328678,
      0.008349779869439806,
      1.0,
      0.008349779869439806,
      0.11006528009716107,
      0.6565963260968575,
      0.7898891756490056,
      1.0,
      0.9989373007438895,
      0.926673751328374,
      1.0,
      1.0,
      1.0,
      1.0,
      1.0,
      1.0,
      1.0,
      0.9424624259905875,
      1.0,
      0.9694853499316837,
      1.0,
      1.0,
      1.0,
      1.0,
      1.0,
      0.6720813724001822,
      1.0,
      1.0,
      1.0,
      0.9943828753605587,
      1.0,
      0.9998481858205557,
      1.0,
      0.5512372855624715,
      0.5840291483224533,
      1.0,
      0.011993320176104449,
      1.0,
      1.0,
      1.0,
      1.0,
      1.0,
      0.9599210566266889,
      1.0,
      1.0,
      1.0,
      1.0,
      1.0,
      1.0,
      1.0,
      1.0,
      1.0,
      1.0,
      1.0,
      1.0,
      1.0,
      1.0,
      1.0,
      1.0,
      1.0,
      1.0,
      1.0,
      1.0,
      0.007590708972218006,
      0.44481554577197513,
      0.8238955518445423,
      0.977227873083346,
      0.7763777136784575,
      0.9971155305905571,
      0.998330044026112,
      0.9990891149233339,
      0.9873994231061181,
      0.9966600880522241,
      0.9758615454683467,
      0.998330044026112,
      1.0,
      1.0,
      0.8062851070289965,
      0.9058752087444968,
      1.0,
      1.0,
      1.0,
      1.0,
      1.0
    ]
  }
}