{
  "bottleneck_dim": 2,
  "grokking_time_90": null,
  "grokking_time_95": null,
  "grokking_time_99": null,
  "final_train_acc": 0.2597448618001417,
  "final_test_acc": 0.20919993927432823,
  "log": {
    "bottleneck_dim": 2,
    "steps": [
      500,
      1000,
      1500,
      2000,
      2500,
      3000,
      3500,
      4000,
      4500,
      5000,
      5500,
      6000,
      6500,
      7000,
      7500,
      8000,
      8500,
      9000,
      9500,
      10000,
      10500,
      11000,
      11500,
      12000,
      12500,
      13000,
      13500,
      14000,
      14500,
      15000,
      15500,
      16000,
      16500,
      17000,
      17500,
      18000,
      18500,
      19000,
      19500,
      20000,
      20500,
      21000,
      21500,
      22000,
      22500,
      23000,
      23500,
      24000,
      24500,
      25000,
      25500,
      26000,
      26500,
      27000,
      27500,
      28000,
      28500,
      29000,
      29500,
      30000,
      30500,
      31000,
      31500,
      32000,
      32500,
      33000,
      33500,
      34000,
      34500,
      35000,
      35500,
      36000,
      36500,
      37000,
      37500,
      38000,
      38500,
      39000,
      39500,
      40000,
      40500,
      41000,
      41500,
      42000,
      42500,
      43000,
      43500,
      44000,
      44500,
      45000,
      45500,
      46000,
      46500,
      47000,
      47500,
      48000,
      48500,
      49000,
      49500,
      50000
    ],
    "train_loss": [
      4.3520379066467285,
      4.273617267608643,
      4.296361446380615,
      4.248346328735352,
      4.079723358154297,
      4.130358695983887,
      3.981966495513916,
      4.035953998565674,
      3.8754823207855225,
      3.7570793628692627,
      3.41300368309021,
      3.3199431896209717,
      3.1228537559509277,
      2.941267967224121,
      2.9758644104003906,
      2.5474605560302734,
      2.461085319519043,
      2.417370080947876,
      2.2111823558807373,
      2.0082850456237793,
      2.2035393714904785,
      1.955904245376587,
      2.014753818511963,
      2.142210006713867,
      1.9731214046478271,
      2.2083165645599365,
      1.9373947381973267,
      1.8732657432556152,
      2.2609128952026367,
      1.8103623390197754,
      2.1299049854278564,
      1.8213249444961548,
      1.742869257926941,
      1.8786377906799316,
      1.769533634185791,
      1.9401445388793945,
      1.847556710243225,
      1.8472082614898682,
      1.7559422254562378,
      2.129718780517578,
      1.6999527215957642,
      1.7801676988601685,
      1.915083646774292,
      1.73520827293396,
      3.4721181392669678,
      1.9553393125534058,
      2.2368221282958984,
      2.056015729904175,
      2.042736768722534,
      1.918982982635498,
      1.8127119541168213,
      1.9801033735275269,
      1.8368041515350342,
      1.7382065057754517,
      2.1975178718566895,
      1.8611464500427246,
      1.708005666732788,
      1.7820210456848145,
      2.1426877975463867,
      1.975131630897522,
      2.084305763244629,
      1.792431116104126,
      2.024976968765259,
      1.6684958934783936,
      1.8019592761993408,
      1.8114733695983887,
      1.8267500400543213,
      1.6743308305740356,
      1.6175881624221802,
      1.6858205795288086,
      1.568582534790039,
      1.6695607900619507,
      1.9484702348709106,
      2.070655345916748,
      1.6892826557159424,
      1.7547698020935059,
      1.6832096576690674,
      1.7528709173202515,
      1.571336030960083,
      1.5495834350585938,
      1.628764271736145,
      1.6396843194961548,
      1.6255474090576172,
      1.544324517250061,
      1.5152702331542969,
      1.5412746667861938,
      2.5655860900878906,
      1.499889612197876,
      1.483506441116333,
      1.4630080461502075,
      1.4964672327041626,
      1.4411852359771729,
      2.8202831745147705,
      1.5948703289031982,
      1.5749139785766602,
      1.5526598691940308,
      1.4466338157653809,
      1.42135488986969,
      1.6242130994796753,
      2.479698419570923
    ],
    "train_acc": [
      0.03543586109142452,
      0.03508150248051028,
      0.04571226080793763,
      0.04145995747696669,
      0.04677533664068037,
      0.0478384124734231,
      0.06236711552090716,
      0.05102763997165131,
      0.0744153082919915,
      0.08114812189936216,
      0.11339475549255847,
      0.1144578313253012,
      0.15804394046775336,
      0.17576187101346563,
      0.13430191353649892,
      0.2540751240255138,
      0.2838412473423104,
      0.24627923458540044,
      0.35648476257973066,
      0.44932671863926293,
      0.37349397590361444,
      0.4759036144578313,
      0.4036144578313253,
      0.3082919914953933,
      0.47306874557051737,
      0.294826364280652,
      0.3982990786676116,
      0.44011339475549255,
      0.27888022678951097,
      0.5067328136073707,
      0.3189227498228207,
      0.4294826364280652,
      0.5209071580439405,
      0.3678242381289865,
      0.4741318214032601,
      0.40822111977321046,
      0.44861800141743446,
      0.38837703756201275,
      0.5652019844082211,
      0.293408929836995,
      0.536144578313253,
      0.35648476257973066,
      0.3919206236711552,
      0.4982282069454288,
      0.12260807937632884,
      0.3192771084337349,
      0.33026222537207656,
      0.3816442239546421,
      0.3465627214741318,
      0.3830616583982991,
      0.5223245924875974,
      0.354004252303331,
      0.4057406094968108,
      0.523033309709426,
      0.2820694542877392,
      0.37880935506732816,
      0.5442948263642806,
      0.3816442239546421,
      0.3284904323175053,
      0.3876683203401843,
      0.297661233167966,
      0.465272856130404,
      0.3479801559177888,
      0.5542168674698795,
      0.4397590361445783,
      0.4482636428065202,
      0.45180722891566266,
      0.6364280652019844,
      0.5988660524450744,
      0.5297661233167966,
      0.61268603827073,
      0.5396881644223954,
      0.4875974486180014,
      0.34904323175053154,
      0.6130403968816442,
      0.47909284195605956,
      0.5262225372076541,
      0.5085046066619419,
      0.6470588235294118,
      0.669029057406095,
      0.4787384833451453,
      0.6523742026931254,
      0.6810772501771793,
      0.6796598157335223,
      0.7076541459957477,
      0.6626506024096386,
      0.27321048901488304,
      0.7739192062367115,
      0.771793054571226,
      0.8022678951098512,
      0.7391920623671155,
      0.7664776754075124,
      0.20340184266477676,
      0.7519489723600283,
      0.758681785967399,
      0.7810063784549964,
      0.771793054571226,
      0.7834868887313962,
      0.6817859673990078,
      0.2597448618001417
    ],