{
  "bottleneck_dim": 4,
  "grokking_time_90": null,
  "grokking_time_95": null,
  "grokking_time_99": null,
  "final_train_acc": 0.9989369241672572,
  "final_test_acc": 0.0879004098982845,
  "log": {
    "bottleneck_dim": 4,
    "steps": [
      500,
      1000,
      1500,
      2000,
      2500,
      3000,
      3500,
      4000,
      4500,
      5000,
      5500,
      6000,
      6500,
      7000,
      7500,
      8000,
      8500,
      9000,
      9500,
      10000,
      10500,
      11000,
      11500,
      12000,
      12500,
      13000,
      13500,
      14000,
      14500,
      15000,
      15500,
      16000,
      16500,
      17000,
      17500,
      18000,
      18500,
      19000,
      19500,
      20000,
      20500,
      21000,
      21500,
      22000,
      22500,
      23000,
      23500,
      24000,
      24500,
      25000,
      25500,
      26000,
      26500,
      27000,
      27500,
      28000,
      28500,
      29000,
      29500,
      30000,
      30500,
      31000,
      31500,
      32000,
      32500,
      33000,
      33500,
      34000,
      34500,
      35000,
      35500,
      36000,
      36500,
      37000,
      37500,
      38000,
      38500,
      39000,
      39500,
      40000,
      40500,
      41000,
      41500,
      42000,
      42500,
      43000,
      43500,
      44000,
      44500,
      45000,
      45500,
      46000,
      46500,
      47000,
      47500,
      48000,
      48500,
      49000,
      49500,
      50000
    ],
    "train_loss": [
      3.064669132232666,
      2.6872525215148926,
      2.444782257080078,
      2.520606517791748,
      2.3941268920898438,
      2.190396547317505,
      1.8439725637435913,
      1.6214509010314941,
      1.2038981914520264,
      1.2791965007781982,
      0.8441506624221802,
      0.9935479760169983,
      0.5175682306289673,
      0.6711494326591492,
      0.8072939515113831,
      4.379515647888184,
      0.40590816736221313,
      0.5226661562919617,
      0.5012938380241394,
      0.8720259666442871,
      2.319608211517334,
      0.3525085747241974,
      0.9855408072471619,
      0.7147541046142578,
      2.1727235317230225,
      0.315917432308197,
      0.3125564754009247,
      2.2926952838897705,
      0.1724371612071991,
      0.5266547203063965,
      0.24560114741325378,
      0.6069293022155762,
      0.43875882029533386,
      0.1716650426387787,
      3.6827383041381836,
      0.16883046925067902,
      0.39354127645492554,
      0.24666979908943176,
      0.6027187705039978,
      0.18135112524032593,
      0.7056372165679932,
      0.18314947187900543,
      0.3788408637046814,
      0.18580766022205353,
      0.3623379170894623,
      0.22323717176914215,
      0.7480422854423523,
      0.1840544492006302,
      0.28996706008911133,
      0.4209010601043701,
      0.20743905007839203,
      0.5719045400619507,
      0.19962581992149353,
      0.45211726427078247,
      0.18462160229682922,
      0.5610415935516357,
      0.20321343839168549,
      0.19391806423664093,
      1.645344853401184,
      0.3762894868850708,
      0.1701389104127884,
      0.30325615406036377,
      0.18674789369106293,
      0.22602882981300354,
      0.2035774439573288,
      0.16717995703220367,
      0.24735979735851288,
      0.3128262758255005,
      0.17503875494003296,
      3.250781536102295,
      0.5878297686576843,
      0.21346759796142578,
      0.23614870011806488,
      0.16932715475559235,
      0.25732970237731934,
      0.9873529672622681,
      0.18712860345840454,
      0.1908818632364273,
      0.39807677268981934,
      0.17557764053344727,
      0.36489006876945496,
      0.25345492362976074,
      0.17709949612617493,
      0.24906115233898163,
      0.3448037803173065,
      0.27753666043281555,
      0.25490179657936096,
      0.6180265545845032,
      0.15986987948417664,
      0.3800292909145355,
      0.1730101853609085,
      0.4428808391094208,
      0.15657566487789154,
      0.4976198077201843,
      0.16506007313728333,
      0.26499852538108826,
      0.16731923818588257,
      0.31089118123054504,
      0.1530786007642746,
      0.21274103224277496
    ],
    "train_acc": [
      0.22430900070871723,
      0.35081502480510274,
      0.39936215450035434,
      0.3894401133947555,
      0.4663359319631467,
      0.47519489723600283,
      0.5566973777462793,
      0.5854004252303331,
      0.7406094968107725,
      0.6902905740609497,
      0.8320340184266478,
      0.8437278525868178,
      0.9252303330970942,
      0.8805811481218994,
      0.7856130403968816,
      0.02657689581856839,
      0.9709425939050319,
      0.9748405386250886,
      0.9801559177888023,
      0.884479092841956,
      0.3051027639971651,
      0.9953933380581148,
      0.8238837703756201,
      0.8582565556343019,
      0.43550673281360736,
      0.9975194897236003,
      0.9985825655563431,
      0.37597448618001417,
      1.0,
      0.9528703047484054,
      0.9996456413890857,
      0.9227498228206945,
      0.9737774627923459,
      0.9996456413890857,
      0.12437987243090007,
      1.0,
      0.9805102763997166,
      1.0,
      0.9255846917080085,
      1.0,
      0.8880226789510985,
      0.9996456413890857,
      0.9922041105598866,
      1.0,
      0.9932671863926293,
      1.0,
      0.907512402551382,
      0.9992912827781715,
      0.9957476966690291,
      0.9950389794472005,
      1.0,
      0.969525159461375,
      0.9992912827781715,
      0.9815733522324592,
      1.0,
      0.9815733522324592,
      0.9989369241672572,
      1.0,
      0.5138199858256556,
      0.9939759036144579,
      1.0,
      0.9975194897236003,
      1.0,
      0.9996456413890857,
      1.0,
      1.0,
      0.9975194897236003,
      0.9982282069454288,
      0.9996456413890857,
      0.13359319631467045,
      0.8880226789510985,
      0.9992912827781715,
      0.9996456413890857,
      0.9996456413890857,
      1.0,
      0.8022678951098512,
      0.9968107725017717,
      0.9975194897236003,
      0.9727143869596031,
      0.9982282069454288,
      0.986888731396173,
      0.9861800141743444,
      0.9985825655563431,
      0.9975194897236003,
      0.9936215450035436,
      0.9978738483345145,
      0.9985825655563431,
      0.8618001417434443,
      0.9989369241672572,
      0.9961020552799433,
      0.9989369241672572,
      0.9890148830616584,
      0.9992912827781715,
      0.9688164422395464,
      0.9996456413890857,
      0.9989369241672572,
      0.9992912827781715,
      0.9975194897236003,
      0.9985825655563431,
      0.9989369241672572
    ],