{
  "bottleneck_dim": 8,
  "grokking_time_90": null,
  "grokking_time_95": null,
  "grokking_time_99": null,
  "final_train_acc": 0.40467753366406806,
  "final_test_acc": 0.012600576893881889,
  "log": {
    "bottleneck_dim": 8,
    "steps": [
      500,
      1000,
      1500,
      2000,
      2500,
      3000,
      3500,
      4000,
      4500,
      5000,
      5500,
      6000,
      6500,
      7000,
      7500,
      8000,
      8500,
      9000,
      9500,
      10000,
      10500,
      11000,
      11500,
      12000,
      12500,
      13000,
      13500,
      14000,
      14500,
      15000,
      15500,
      16000,
      16500,
      17000,
      17500,
      18000,
      18500,
      19000,
      19500,
      20000,
      20500,
      21000,
      21500,
      22000,
      22500,
      23000,
      23500,
      24000,
      24500,
      25000,
      25500,
      26000,
      26500,
      27000,
      27500,
      28000,
      28500,
      29000,
      29500,
      30000,
      30500,
      31000,
      31500,
      32000,
      32500,
      33000,
      33500,
      34000,
      34500,
      35000,
      35500,
      36000,
      36500,
      37000,
      37500,
      38000,
      38500,
      39000,
      39500,
      40000,
      40500,
      41000,
      41500,
      42000,
      42500,
      43000,
      43500,
      44000,
      44500,
      45000,
      45500,
      46000,
      46500,
      47000,
      47500,
      48000,
      48500,
      49000,
      49500,
      50000
    ],
    "train_loss": [
      0.8896358013153076,
      0.8436808586120605,
      0.3482084274291992,
      0.262666255235672,
      0.7795029878616333,
      3.434781312942505,
      4.4778242111206055,
      0.09057056903839111,
      4.563170909881592,
      4.562984466552734,
      4.567081451416016,
      4.5727105140686035,
      4.5543293952941895,
      4.566204071044922,
      4.584172248840332,
      4.567995071411133,
      4.5646514892578125,
      4.543384552001953,
      4.491525650024414,
      4.488705158233643,
      4.490293025970459,
      4.460480690002441,
      4.487951755523682,
      4.44222354888916,
      4.3053178787231445,
      4.042057514190674,
      3.7217836380004883,
      3.4662294387817383,
      3.369309425354004,
      3.4638280868530273,
      3.1797780990600586,
      3.2852320671081543,
      3.250108480453491,
      3.2230324745178223,
      3.2610747814178467,
      3.169374465942383,
      3.067157745361328,
      2.970611572265625,
      2.7855148315429688,
      2.3896260261535645,
      2.535705327987671,
      2.273744583129883,
      2.299546480178833,
      2.305161476135254,
      2.482607364654541,
      2.2992570400238037,
      2.1844005584716797,
      2.081322193145752,
      2.0920228958129883,
      2.180431365966797,
      2.160159111022949,
      2.13079833984375,
      2.0589191913604736,
      2.0369699001312256,
      1.877218246459961,
      2.060317039489746,
      1.9049458503723145,
      2.098262310028076,
      2.1064584255218506,
      2.016242027282715,
      1.9976930618286133,
      1.8910841941833496,
      1.9331833124160767,
      2.1493563652038574,
      1.9005684852600098,
      2.1407456398010254,
      1.9230294227600098,
      2.270813465118408,
      2.2124345302581787,
      2.0442709922790527,
      2.101163387298584,
      2.249260187149048,
      1.9092730283737183,
      1.9829883575439453,
      2.031036376953125,
      1.8384721279144287,
      2.1338157653808594,
      2.166745901107788,
      2.0546841621398926,
      1.9733238220214844,
      2.0352118015289307,
      2.2214927673339844,
      2.016087055206299,
      1.9871838092803955,
      2.057621955871582,
      2.0876665115356445,
      2.20345139503479,
      2.1271519660949707,
      2.0515358448028564,
      1.979923129081726,
      2.0187597274780273,
      1.9752744436264038,
      1.9620202779769897,
      2.251410484313965,
      2.037080764770508,
      1.952514410018921,
      1.8980157375335693,
      1.985749363899231,
      2.0676774978637695,
      1.8274158239364624
    ],
    "train_acc": [
      0.7625797306874557,
      0.8185683912119065,
      0.9291282778171509,
      0.9581856839121191,
      0.8462083628632175,
      0.16052445074415309,
      0.02303330970942594,
      0.997165131112686,
      0.014883061658398299,
      0.014883061658398299,
      0.014883061658398299,
      0.014883061658398299,
      0.014883061658398299,
      0.014883061658398299,
      0.014883061658398299,
      0.014883061658398299,
      0.015946137491141033,
      0.015946137491141033,
      0.018072289156626505,
      0.019489723600283487,
      0.020198440822111977,
      0.02232459248759745,
      0.02303330970942594,
      0.020907158043940468,
      0.032246633593196315,
      0.040396881644223954,
      0.06201275690999291,
      0.08114812189936216,
      0.08185683912119064,
      0.08114812189936216,
      0.10170092133238838,
      0.1002834868887314,
      0.09992912827781715,
      0.10240963855421686,
      0.10276399716513111,
      0.1041814316087881,
      0.12579730687455706,
      0.15946137491141035,
      0.1732813607370659,
      0.25336640680368533,
      0.24627923458540044,
      0.30155917788802267,
      0.27321048901488304,
      0.28809355067328135,
      0.26683203401842664,
      0.28632175761871015,
      0.25513819985825653,
      0.3345145287030475,
      0.330970942593905,
      0.293408929836995,
      0.2905740609496811,
      0.352586817859674,
      0.3720765414599575,
      0.35223245924875973,
      0.3965272856130404,
      0.3674698795180723,
      0.42133238837703757,
      0.31537916371367825,
      0.34301913536498935,
      0.36888731396172925,
      0.37916371367824236,
      0.39546420978029767,
      0.406094968107725,
      0.29411764705882354,
      0.38341601700921335,
      0.30439404677533666,
      0.3919206236711552,
      0.3097094259390503,
      0.32884479092841956,
      0.35613040396881646,
      0.35081502480510274,
      0.3132530120481928,
      0.40786676116229625,
      0.4284195605953225,
      0.3238837703756201,
      0.40326009922041106,
      0.2919914953933381,
      0.3493975903614458,
      0.28171509567682496,
      0.4255846917080085,
      0.3798724309000709,
      0.34301913536498935,
      0.34266477675407514,
      0.3664068036853296,
      0.35329553508150247,
      0.37916371367824236,
      0.3401842664776754,
      0.31396172927002125,
      0.39440113394755494,
      0.38695960311835575,
      0.40077958894401133,
      0.40715804394046773,
      0.34443656980864634,
      0.2930545712260808,
      0.369950389794472,
      0.4372785258681786,
      0.3660524450744153,
      0.3692416725726435,
      0.29872430900070873,
      0.40467753366406806
    ],