{
  "seed": 1002,
  "steps": [
    1000,
    2000,
    3000,
    4000,
    5000,
    6000,
    7000,
    8000,
    9000,
    10000,
    11000,
    12000,
    13000,
    14000,
    15000,
    16000,
    17000,
    18000,
    19000,
    20000,
    21000,
    22000,
    23000,
    24000,
    25000,
    26000,
    27000,
    28000,
    29000,
    30000,
    31000,
    32000,
    33000,
    34000,
    35000,
    36000,
    37000,
    38000,
    39000,
    40000,
    41000,
    42000,
    43000,
    44000,
    45000,
    46000,
    47000,
    48000,
    49000,
    50000,
    51000,
    52000,
    53000,
    54000,
    55000,
    56000,
    57000,
    58000,
    59000,
    60000,
    61000,
    62000,
    63000,
    64000,
    65000,
    66000,
    67000,
    68000,
    69000,
    70000,
    71000,
    72000,
    73000,
    74000,
    75000,
    76000,
    77000,
    78000,
    79000,
    80000,
    81000,
    82000,
    83000,
    84000,
    85000,
    86000,
    87000,
    88000,
    89000,
    90000,
    91000,
    92000,
    93000,
    94000,
    95000,
    96000,
    97000,
    98000,
    99000,
    100000,
    101000,
    102000,
    103000,
    104000,
    105000,
    106000,
    107000,
    108000,
    109000,
    110000,
    111000,
    112000,
    113000,
    114000,
    115000,
    116000,
    117000,
    118000,
    119000,
    120000,
    121000,
    122000,
    123000,
    124000,
    125000,
    126000,
    127000,
    128000,
    129000,
    130000,
    131000,
    132000,
    133000,
    134000,
    135000,
    136000,
    137000,
    138000,
    139000,
    140000,
    141000,
    142000,
    143000,
    144000,
    145000,
    146000,
    147000,
    148000,
    149000,
    150000
  ],
  "train_loss": [
    0.21722806990146637,
    0.09511043131351471,
    0.08464346081018448,
    0.07584483921527863,
    1.1395072937011719,
    0.07556971162557602,
    0.4723937511444092,
    0.07878001779317856,
    0.07226593792438507,
    0.09621991217136383,
    4.04197359085083,
    0.02599240466952324,
    0.07999139279127121,
    0.03472762554883957,
    1.5823084115982056,
    0.3183588683605194,
    0.06432843953371048,
    0.19660194218158722,
    0.023329995572566986,
    1.5601561069488525,
    0.06124437600374222,
    0.046229541301727295,
    0.03434692695736885,
    0.04305518791079521,
    0.04543740674853325,
    0.056090909987688065,
    4.134785175323486,
    0.03886864334344864,
    0.032727740705013275,
    0.03272515535354614,
    0.02444734051823616,
    0.03993900120258331,
    0.023777993395924568,
    0.7643789052963257,
    0.02388565056025982,
    0.030572418123483658,
    0.020365864038467407,
    0.031968340277671814,
    3.3484947681427,
    0.019027631729841232,
    4.443080425262451,
    0.08333183825016022,
    0.03759294003248215,
    3.6815602779388428,
    0.029216809198260307,
    4.502297878265381,
    0.04273699223995209,
    0.039141684770584106,
    0.04520344361662865,
    0.04233169928193092,
    0.04154866188764572,
    0.04349181801080704,
    5.63906717300415,
    0.04652304947376251,
    1.5313005447387695,
    0.04181088134646416,
    0.04791954159736633,
    0.041419513523578644,
    0.04007420316338539,
    1.314083456993103,
    0.07000681012868881,
    0.02525022253394127,
    0.04087921231985092,
    4.4940185546875,
    0.03101562149822712,
    0.03805923089385033,
    4.52951717376709,
    0.027528444305062294,
    0.038725271821022034,
    4.551234245300293,
    0.7206803560256958,
    0.03584785386919975,
    0.044669248163700104,
    0.045810747891664505,
    0.055231742560863495,
    0.048905301839113235,
    1.4156020879745483,
    0.41655972599983215,
    2.176506757736206,
    0.03248275816440582,
    1.0601149797439575,
    0.03284623101353645,
    0.44964510202407837,
    0.051714181900024414,
    0.042610153555870056,
    0.03405043110251427,
    0.03305906429886818,
    0.04437202960252762,
    0.03989540785551071,
    0.040247078984975815,
    0.0369180403649807,
    4.546681880950928,
    0.040299754589796066,
    4.56297492980957,
    0.049913033843040466,
    0.05368321016430855,
    0.033403970301151276,
    0.03708842769265175,
    0.0388055182993412,
    0.03997897729277611,
    0.046247728168964386,
    0.04084819555282593,
    0.04334684833884239,
    0.04429575800895691,
    0.06883392482995987,
    0.05225471034646034,
    0.06151390075683594,
    0.052270419895648956,
    0.07767847180366516,
    0.05481584742665291,
    0.1126631572842598,
    0.05135525017976761,
    0.03926973417401314,
    0.03790806233882904,
    0.027674444019794464,
    0.0424664244055748,
    0.03623407706618309,
    0.04760673642158508,
    0.0512402318418026,
    0.043830327689647675,
    4.542036533355713,
    0.04989130422472954,
    2.101525068283081,
    0.03564215824007988,
    0.11435817927122116,
    0.055792827159166336,
    0.870721161365509,
    0.1289321333169937,
    5.5596604347229,
    2.5580551624298096,
    1.9535129070281982,
    0.04546063393354416,
    0.5799212455749512,
    4.378606796264648,
    6.723477363586426,
    0.04859423637390137,
    0.043179649859666824,
    0.03303254395723343,
    0.0518544539809227,
    0.3438548147678375,
    0.0486869290471077,
    0.04242384061217308,
    0.03878923878073692,
    0.05083927512168884,
    0.05843488872051239,
    0.058720916509628296,
    0.06240888312458992,
    0.03271090239286423,
    0.044051364064216614,
    2.207843542098999
  ],
  "train_acc": [
    0.9936215450035436,
    1.0,
    1.0,
    1.0,
    0.8068745570517364,
    1.0,
    0.9865343727852587,
    1.0,
    1.0,
    1.0,
    0.06768249468462084,
    1.0,
    1.0,
    1.0,
    0.5,
    0.9705882352941176,
    1.0,
    1.0,
    1.0,
    0.5116938341601701,
    1.0,
    1.0,
    1.0,
    1.0,
    1.0,
    1.0,
    0.24627923458540044,
    1.0,
    1.0,
    1.0,
    1.0,
    1.0,
    1.0,
    0.963855421686747,
    1.0,
    1.0,
    1.0,
    1.0,
    0.19383416017009214,
    1.0,
    0.02728561304039688,
    0.9996456413890857,
    1.0,
    0.09851169383416017,
    1.0,
    0.03720765414599575,
    1.0,
    1.0,
    1.0,
    1.0,
    1.0,
    1.0,
    0.014174344436569808,
    1.0,
    0.7625797306874557,
    1.0,
    1.0,
    1.0,
    1.0,
    0.8359319631467045,
    1.0,
    1.0,
    1.0,
    0.028703047484053862,
    1.0,
    1.0,
    0.02374202693125443,
    1.0,
    1.0,
    0.014528703047484054,
    0.9174344436569809,
    1.0,
    1.0,
    1.0,
    1.0,
    1.0,
    0.7891566265060241,
    0.9943302622253721,
    0.49929128277817153,
    1.0,
    0.7682494684620836,
    1.0,
    0.9989369241672572,
    1.0,
    1.0,
    1.0,
    1.0,
    1.0,
    1.0,
    1.0,
    1.0,
    0.019844082211197732,
    1.0,
    0.016654854712969524,
    1.0,
    1.0,
    1.0,
    1.0,
    1.0,
    1.0,
    1.0,
    1.0,
    1.0,
    1.0,
    1.0,
    1.0,
    1.0,
    1.0,
    1.0,
    1.0,
    1.0,
    1.0,
    1.0,
    1.0,
    1.0,
    1.0,
    1.0,
    1.0,
    1.0,
    1.0,
    0.014528703047484054,
    1.0,
    0.43302622253720763,
    1.0,
    1.0,
    1.0,
    0.945074415308292,
    1.0,
    0.01700921332388377,
    0.23281360737065912,
    0.5276399716513112,
    1.0,
    0.9819277108433735,
    0.03897944720056697,
    0.03720765414599575,
    1.0,
    1.0,
    1.0,
    1.0,
    0.997165131112686,
    1.0,
    1.0,
    1.0,
    1.0,
    1.0,
    1.0,
    1.0,
    1.0,
    1.0,
    0.38731396172927
  ],